2026-01-16 12:27:15,493 [INFO] Activator:176 - 


2026-01-16 12:27:15,493 [INFO] Activator:177 - !SESSION log4j initialized
2026-01-16 12:27:19,807 [INFO] LogOutputStream:77 - [STDOUT_REDIRECT] 
2026-01-16 12:27:38,389 [INFO] ApplicationProperties:184 - Using Application install path: C:\ST\STM32CubeIDE_1.12.1\STM32CubeIDE\plugins\com.st.stm32cube.common.mx_6.8.1.202304191431
2026-01-16 12:27:38,421 [INFO] DbMcusXml:78 - Set database path to: C:\ST\STM32CubeIDE_1.12.1\STM32CubeIDE\plugins\com.st.stm32cube.common.mx_6.8.1.202304191431\\db\/mcu/
2026-01-16 12:27:38,421 [INFO] ApiDb:274 - Set plugin database path to: C:\ST\STM32CubeIDE_1.12.1\STM32CubeIDE\plugins\com.st.stm32cube.common.mx_6.8.1.202304191431\\db\/plugins/boardmanager/
2026-01-16 12:27:38,437 [WARN] ApiDb:259 - Overriding images path with different value:  => C:\ST\STM32CubeIDE_1.12.1\STM32CubeIDE\plugins\com.st.stm32cube.common.mx_6.8.1.202304191431\\db\/plugins/mcufinder/images/
2026-01-16 12:27:38,465 [INFO] ApiDb:250 - Set database path to: C:\Users\hj.abijuru\.stmcufinder\plugins\mcufinder//mcu/
2026-01-16 12:27:38,465 [INFO] DbMcusAds:125 - Set database path to: C:\Users\hj.abijuru\.stmcufinder\plugins\mcufinder//mcu/
2026-01-16 12:27:38,485 [INFO] CrossReferenceDbSqlite:203 - Set database path to: C:\Users\hj.abijuru\.stmcufinder\plugins\mcufinder//mcu/cs/
2026-01-16 12:27:38,666 [INFO] RulesReader:64 - Compatibility file has been processed (293 Rules)
2026-01-16 12:27:38,864 [INFO] DbMcusXml:78 - Set database path to: C:\ST\STM32CubeIDE_1.12.1\STM32CubeIDE\plugins\com.st.stm32cube.common.mx_6.8.1.202304191431\\db\/mcu/
2026-01-16 12:27:38,864 [INFO] ApiDb:274 - Set plugin database path to: C:\ST\STM32CubeIDE_1.12.1\STM32CubeIDE\plugins\com.st.stm32cube.common.mx_6.8.1.202304191431\\db\/plugins/boardmanager/
2026-01-16 12:27:38,864 [INFO] ApiDb:261 - Set plugin images path to: C:\ST\STM32CubeIDE_1.12.1\STM32CubeIDE\plugins\com.st.stm32cube.common.mx_6.8.1.202304191431\\db\/plugins/mcufinder/images/
2026-01-16 12:27:38,864 [WARN] DbFile:41 - Overriding database path with different value: C:\Users\hj.abijuru\.stmcufinder\plugins\mcufinder/ => C:\Users\hj.abijuru\.stmcufinder\plugins\mcufinder
2026-01-16 12:27:38,864 [INFO] ApiDb:250 - Set database path to: C:\Users\hj.abijuru\.stmcufinder\plugins\mcufinder//mcu/
2026-01-16 12:27:38,864 [WARN] DbFile:41 - Overriding database path with different value: C:\Users\hj.abijuru\.stmcufinder\plugins\mcufinder/ => C:\Users\hj.abijuru\.stmcufinder\plugins\mcufinder
2026-01-16 12:27:38,864 [INFO] DbMcusAds:125 - Set database path to: C:\Users\hj.abijuru\.stmcufinder\plugins\mcufinder//mcu/
2026-01-16 12:27:38,864 [WARN] DbFile:41 - Overriding database path with different value: C:\Users\hj.abijuru\.stmcufinder\plugins\mcufinder/ => C:\Users\hj.abijuru\.stmcufinder\plugins\mcufinder
2026-01-16 12:27:38,864 [WARN] DbFile:41 - Overriding database path with different value: C:\Users\hj.abijuru\.stmcufinder\plugins\mcufinder/ => C:\Users\hj.abijuru\.stmcufinder\plugins\mcufinder
2026-01-16 12:27:38,864 [INFO] CrossReferenceDbSqlite:203 - Set database path to: C:\Users\hj.abijuru\.stmcufinder\plugins\mcufinder//mcu/cs/
2026-01-16 12:27:38,960 [INFO] MainPanel:253 - HeapMemory: 268435456
2026-01-16 12:27:39,087 [INFO] DbMcusXml:78 - Set database path to: C:\ST\STM32CubeIDE_1.12.1\STM32CubeIDE\plugins\com.st.stm32cube.common.mx_6.8.1.202304191431\\db\/mcu/
2026-01-16 12:27:39,087 [INFO] ApiDb:274 - Set plugin database path to: C:\ST\STM32CubeIDE_1.12.1\STM32CubeIDE\plugins\com.st.stm32cube.common.mx_6.8.1.202304191431\\db\/plugins/boardmanager/
2026-01-16 12:27:39,087 [INFO] ApiDb:261 - Set plugin images path to: C:\ST\STM32CubeIDE_1.12.1\STM32CubeIDE\plugins\com.st.stm32cube.common.mx_6.8.1.202304191431\\db\/plugins/mcufinder/images/
2026-01-16 12:27:39,087 [WARN] DbFile:41 - Overriding database path with different value: C:\Users\hj.abijuru\.stmcufinder\plugins\mcufinder/ => C:\Users\hj.abijuru\.stmcufinder\plugins\mcufinder
2026-01-16 12:27:39,087 [INFO] ApiDb:250 - Set database path to: C:\Users\hj.abijuru\.stmcufinder\plugins\mcufinder//mcu/
2026-01-16 12:27:39,087 [WARN] DbFile:41 - Overriding database path with different value: C:\Users\hj.abijuru\.stmcufinder\plugins\mcufinder/ => C:\Users\hj.abijuru\.stmcufinder\plugins\mcufinder
2026-01-16 12:27:39,087 [INFO] DbMcusAds:125 - Set database path to: C:\Users\hj.abijuru\.stmcufinder\plugins\mcufinder//mcu/
2026-01-16 12:27:39,087 [WARN] DbFile:41 - Overriding database path with different value: C:\Users\hj.abijuru\.stmcufinder\plugins\mcufinder/ => C:\Users\hj.abijuru\.stmcufinder\plugins\mcufinder
2026-01-16 12:27:39,087 [WARN] DbFile:41 - Overriding database path with different value: C:\Users\hj.abijuru\.stmcufinder\plugins\mcufinder/ => C:\Users\hj.abijuru\.stmcufinder\plugins\mcufinder
2026-01-16 12:27:39,087 [INFO] CrossReferenceDbSqlite:203 - Set database path to: C:\Users\hj.abijuru\.stmcufinder\plugins\mcufinder//mcu/cs/
2026-01-16 12:27:39,119 [INFO] ApplicationProperties:184 - Using Application install path: C:\ST\STM32CubeIDE_1.12.1\STM32CubeIDE\plugins\com.st.stm32cube.common.mx_6.8.1.202304191431
2026-01-16 12:27:39,119 [INFO] PluginManage:196 - Search for loadable plugins [exclusion list=, ]
2026-01-16 12:27:39,119 [INFO] PluginManage:310 - Check plugin analytics
2026-01-16 12:27:39,325 [INFO] AnalyticsPlugin:253 - Accepted Software Licenses: 
2026-01-16 12:27:39,325 [INFO] AnalyticsPlugin:255 - Accepted CMSIS Pack Licenses: 
2026-01-16 12:27:39,325 [INFO] AnalyticsPlugin:257 - Accepted Firmware Licenses: FW.F4.1.27.0
2026-01-16 12:27:39,343 [INFO] PluginManage:359 - Loaded plugin analytics (category:tool,tabindex:-1)
2026-01-16 12:27:39,343 [INFO] PluginManage:310 - Check plugin cadmodel
2026-01-16 12:27:39,388 [INFO] CADModel:105 - Init CAD model plugin
2026-01-16 12:27:39,388 [INFO] PluginManage:359 - Loaded plugin cadmodel (category:power,tabindex:5)
2026-01-16 12:27:39,388 [INFO] PluginManage:310 - Check plugin clock
2026-01-16 12:27:39,436 [INFO] PluginManage:359 - Loaded plugin clock (category:base,tabindex:2)
2026-01-16 12:27:39,436 [INFO] PluginManage:310 - Check plugin ddr
2026-01-16 12:27:39,436 [INFO] PluginManage:359 - Loaded plugin ddr (category:tool,tabindex:6)
2026-01-16 12:27:39,436 [INFO] PluginManage:310 - Check plugin filemanager
2026-01-16 12:27:39,603 [INFO] PluginManage:359 - Loaded plugin filemanager (category:base,tabindex:10)
2026-01-16 12:27:39,603 [INFO] PluginManage:310 - Check plugin ipmanager
2026-01-16 12:27:39,609 [INFO] PluginManage:359 - Loaded plugin ipmanager (category:base,tabindex:5)
2026-01-16 12:27:39,609 [INFO] PluginManage:310 - Check plugin lpbam
2026-01-16 12:27:39,647 [INFO] PluginManage:359 - Loaded plugin lpbam (category:base,tabindex:0)
2026-01-16 12:27:39,647 [INFO] PluginManage:310 - Check plugin pinoutandconfiguration
2026-01-16 12:27:39,704 [INFO] PluginManage:359 - Loaded plugin pinoutandconfiguration (category:base,tabindex:1)
2026-01-16 12:27:39,704 [INFO] PluginManage:310 - Check plugin pinoutconfig
2026-01-16 12:27:39,863 [WARN] SupportedApi:132 - Cannot load RTOS API schema: s4s-elt-must-match.1: The content of 'definitions' must match (annotation?, (simpleType | complexType)?, (unique | key | keyref)*)). A problem was found starting at: attribute.
2026-01-16 12:27:40,053 [INFO] PluginManage:359 - Loaded plugin pinoutconfig (category:base,tabindex:0)
2026-01-16 12:27:40,053 [INFO] PluginManage:310 - Check plugin power
2026-01-16 12:27:40,100 [INFO] PluginManage:359 - Loaded plugin power (category:power,tabindex:4)
2026-01-16 12:27:40,100 [INFO] PluginManage:310 - Check plugin projectmanager
2026-01-16 12:27:40,132 [INFO] PluginManage:359 - Loaded plugin projectmanager (category:projectmanager,tabindex:3)
2026-01-16 12:27:40,132 [INFO] PluginManage:310 - Check plugin thirdparty
2026-01-16 12:27:40,379 [WARN] IntegrityCheckThread:84 - waiting for thirdparty lock release [integrity check]
2026-01-16 12:27:40,379 [INFO] IntegrityCheckThread:86 - entering critical section [integrity check]
2026-01-16 12:27:40,379 [INFO] PluginManage:359 - Loaded plugin thirdparty (category:base,tabindex:-1)
2026-01-16 12:27:40,379 [INFO] PluginManage:310 - Check plugin tools
2026-01-16 12:27:40,386 [INFO] ThirdPartyUpdaterWithRetryManager:70 - Updater plugin not ready yet. [1/15]
2026-01-16 12:27:40,386 [INFO] PluginManage:359 - Loaded plugin tools (category:base,tabindex:7)
2026-01-16 12:27:40,386 [INFO] PluginManage:310 - Check plugin tutovideos
2026-01-16 12:27:40,623 [INFO] PluginManage:359 - Loaded plugin tutovideos (category:base,tabindex:-1)
2026-01-16 12:27:40,623 [INFO] PluginManage:310 - Check plugin updater
2026-01-16 12:27:40,657 [INFO] PluginManage:359 - Loaded plugin updater (category:base,tabindex:12)
2026-01-16 12:27:40,657 [INFO] PluginManage:283 - PluginManage : Loaded plugins [15]
2026-01-16 12:27:41,037 [INFO] PinOutPanel:1499 - setPackage(No Configuration,No Configuration)
2026-01-16 12:27:41,130 [INFO] CADModel:165 - CPN selected for project level
2026-01-16 12:27:41,130 [INFO] CADModel:114 - Register for checkConnection events
2026-01-16 12:27:41,162 [INFO] IPUIPlugin:80 - create IPUIPlugin
2026-01-16 12:27:41,162 [INFO] PluginManager:220 - loadIPPluginJar : add adc
2026-01-16 12:27:41,178 [INFO] IPUIPlugin:80 - create IPUIPlugin
2026-01-16 12:27:41,178 [INFO] PluginManager:220 - loadIPPluginJar : add aes
2026-01-16 12:27:41,180 [INFO] IPUIPlugin:80 - create IPUIPlugin
2026-01-16 12:27:41,180 [INFO] PluginManager:220 - loadIPPluginJar : add can
2026-01-16 12:27:41,193 [INFO] IPUIPlugin:80 - create IPUIPlugin
2026-01-16 12:27:41,193 [INFO] PluginManager:220 - loadIPPluginJar : add comp
2026-01-16 12:27:41,193 [INFO] IPUIPlugin:80 - create IPUIPlugin
2026-01-16 12:27:41,193 [INFO] PluginManager:220 - loadIPPluginJar : add cryp
2026-01-16 12:27:41,209 [INFO] IPUIPlugin:80 - create IPUIPlugin
2026-01-16 12:27:41,209 [INFO] PluginManager:220 - loadIPPluginJar : add dfsdm
2026-01-16 12:27:41,213 [INFO] IPUIPlugin:80 - create IPUIPlugin
2026-01-16 12:27:41,224 [INFO] PluginManager:220 - loadIPPluginJar : add dma
2026-01-16 12:27:41,224 [INFO] IPUIPlugin:80 - create IPUIPlugin
2026-01-16 12:27:41,224 [INFO] PluginManager:220 - loadIPPluginJar : add dma3
2026-01-16 12:27:41,224 [INFO] IPUIPlugin:80 - create IPUIPlugin
2026-01-16 12:27:41,224 [INFO] PluginManager:220 - loadIPPluginJar : add fatfs
2026-01-16 12:27:41,240 [INFO] IPUIPlugin:80 - create IPUIPlugin
2026-01-16 12:27:41,240 [INFO] PluginManager:220 - loadIPPluginJar : add fmc
2026-01-16 12:27:41,288 [INFO] IPUIPlugin:80 - create IPUIPlugin
2026-01-16 12:27:41,288 [INFO] PluginManager:220 - loadIPPluginJar : add freertos
2026-01-16 12:27:41,298 [INFO] IPUIPlugin:80 - create IPUIPlugin
2026-01-16 12:27:41,298 [INFO] PluginManager:220 - loadIPPluginJar : add genericplugin
2026-01-16 12:27:41,304 [INFO] IPUIPlugin:80 - create IPUIPlugin
2026-01-16 12:27:41,304 [INFO] PluginManager:220 - loadIPPluginJar : add gfxmmu
2026-01-16 12:27:41,320 [INFO] IPUIPlugin:80 - create IPUIPlugin
2026-01-16 12:27:41,320 [INFO] PluginManager:220 - loadIPPluginJar : add gic
2026-01-16 12:27:41,336 [INFO] IPUIPlugin:80 - create IPUIPlugin
2026-01-16 12:27:41,336 [INFO] PluginManager:220 - loadIPPluginJar : add gpio
2026-01-16 12:27:41,352 [INFO] IPUIPlugin:80 - create IPUIPlugin
2026-01-16 12:27:41,352 [INFO] PluginManager:220 - loadIPPluginJar : add gtzc
2026-01-16 12:27:41,368 [INFO] IPUIPlugin:80 - create IPUIPlugin
2026-01-16 12:27:41,368 [INFO] PluginManager:220 - loadIPPluginJar : add hash
2026-01-16 12:27:41,381 [INFO] IPUIPlugin:80 - create IPUIPlugin
2026-01-16 12:27:41,381 [INFO] PluginManager:220 - loadIPPluginJar : add i2c
2026-01-16 12:27:41,385 [INFO] IPUIPlugin:80 - create IPUIPlugin
2026-01-16 12:27:41,385 [INFO] PluginManager:220 - loadIPPluginJar : add i2s
2026-01-16 12:27:41,385 [INFO] IPUIPlugin:80 - create IPUIPlugin
2026-01-16 12:27:41,385 [INFO] PluginManager:220 - loadIPPluginJar : add i3c
2026-01-16 12:27:41,400 [INFO] IPUIPlugin:80 - create IPUIPlugin
2026-01-16 12:27:41,400 [INFO] PluginManager:220 - loadIPPluginJar : add ipddr
2026-01-16 12:27:41,432 [INFO] IPUIPlugin:80 - create IPUIPlugin
2026-01-16 12:27:41,432 [INFO] PluginManager:220 - loadIPPluginJar : add linkedlist
2026-01-16 12:27:41,433 [INFO] IPUIPlugin:80 - create IPUIPlugin
2026-01-16 12:27:41,433 [INFO] PluginManager:220 - loadIPPluginJar : add lorawan
2026-01-16 12:27:41,433 [INFO] IPUIPlugin:80 - create IPUIPlugin
2026-01-16 12:27:41,447 [INFO] PluginManager:220 - loadIPPluginJar : add ltdc
2026-01-16 12:27:41,463 [INFO] IPUIPlugin:80 - create IPUIPlugin
2026-01-16 12:27:41,463 [INFO] PluginManager:220 - loadIPPluginJar : add mdma
2026-01-16 12:27:41,481 [INFO] IPUIPlugin:80 - create IPUIPlugin
2026-01-16 12:27:41,481 [INFO] PluginManager:220 - loadIPPluginJar : add nvic
2026-01-16 12:27:41,481 [INFO] IPUIPlugin:80 - create IPUIPlugin
2026-01-16 12:27:41,481 [INFO] PluginManager:220 - loadIPPluginJar : add opamp
2026-01-16 12:27:41,495 [INFO] IPUIPlugin:80 - create IPUIPlugin
2026-01-16 12:27:41,495 [INFO] PluginManager:220 - loadIPPluginJar : add openamp
2026-01-16 12:27:41,511 [INFO] IPUIPlugin:80 - create IPUIPlugin
2026-01-16 12:27:41,511 [INFO] PluginManager:220 - loadIPPluginJar : add pdm2pcm
2026-01-16 12:27:41,527 [INFO] IPUIPlugin:80 - create IPUIPlugin
2026-01-16 12:27:41,527 [INFO] PluginManager:220 - loadIPPluginJar : add plateformsettings
2026-01-16 12:27:41,543 [INFO] IPUIPlugin:80 - create IPUIPlugin
2026-01-16 12:27:41,543 [INFO] PluginManager:220 - loadIPPluginJar : add quadspi
2026-01-16 12:27:41,590 [INFO] IPUIPlugin:80 - create IPUIPlugin
2026-01-16 12:27:41,590 [INFO] PluginManager:220 - loadIPPluginJar : add resmgrutility
2026-01-16 12:27:41,590 [INFO] IPUIPlugin:80 - create IPUIPlugin
2026-01-16 12:27:41,590 [INFO] PluginManager:220 - loadIPPluginJar : add sai
2026-01-16 12:27:41,607 [INFO] IPUIPlugin:80 - create IPUIPlugin
2026-01-16 12:27:41,607 [INFO] PluginManager:220 - loadIPPluginJar : add spi
2026-01-16 12:27:41,607 [INFO] IPUIPlugin:80 - create IPUIPlugin
2026-01-16 12:27:41,607 [INFO] PluginManager:220 - loadIPPluginJar : add stm32_wpan
2026-01-16 12:27:41,622 [INFO] IPUIPlugin:80 - create IPUIPlugin
2026-01-16 12:27:41,622 [INFO] PluginManager:220 - loadIPPluginJar : add tim
2026-01-16 12:27:41,638 [INFO] IPUIPlugin:80 - create IPUIPlugin
2026-01-16 12:27:41,638 [INFO] PluginManager:220 - loadIPPluginJar : add touchsensing
2026-01-16 12:27:41,638 [INFO] IPUIPlugin:80 - create IPUIPlugin
2026-01-16 12:27:41,638 [INFO] PluginManager:220 - loadIPPluginJar : add tracer_emb
2026-01-16 12:27:41,638 [INFO] IPUIPlugin:80 - create IPUIPlugin
2026-01-16 12:27:41,638 [INFO] PluginManager:220 - loadIPPluginJar : add ts
2026-01-16 12:27:41,654 [INFO] IPUIPlugin:80 - create IPUIPlugin
2026-01-16 12:27:41,654 [INFO] PluginManager:220 - loadIPPluginJar : add tsc
2026-01-16 12:27:41,654 [INFO] IPUIPlugin:80 - create IPUIPlugin
2026-01-16 12:27:41,654 [INFO] PluginManager:220 - loadIPPluginJar : add ucpd
2026-01-16 12:27:41,670 [INFO] IPUIPlugin:80 - create IPUIPlugin
2026-01-16 12:27:41,670 [INFO] PluginManager:220 - loadIPPluginJar : add usart
2026-01-16 12:27:41,686 [INFO] IPUIPlugin:80 - create IPUIPlugin
2026-01-16 12:27:41,686 [INFO] PluginManager:220 - loadIPPluginJar : add usbx
2026-01-16 12:27:41,841 [INFO] CADModel:165 - CPN selected for project level
2026-01-16 12:27:41,841 [INFO] CADModel:114 - Register for checkConnection events
2026-01-16 12:27:41,841 [FATAL] Updater:308 - Updater called before beeing initialized
2026-01-16 12:27:41,841 [ERROR] CADModel:125 - Updater not yet initialized, retry later 
2026-01-16 12:27:42,105 [INFO] CADModel:165 - CPN selected for project level
2026-01-16 12:27:42,105 [INFO] CADModel:114 - Register for checkConnection events
2026-01-16 12:27:42,105 [FATAL] Updater:308 - Updater called before beeing initialized
2026-01-16 12:27:42,105 [ERROR] CADModel:125 - Updater not yet initialized, retry later 
2026-01-16 12:27:42,112 [FATAL] Updater:308 - Updater called before beeing initialized
2026-01-16 12:27:42,303 [FATAL] Updater:308 - Updater called before beeing initialized
2026-01-16 12:27:42,321 [INFO] DbMcusAds:53 - JSON generation date=Thu Jan 08 16:56:32 CET 2026 (1767887792457)
2026-01-16 12:27:42,321 [FATAL] Updater:308 - Updater called before beeing initialized
2026-01-16 12:27:42,430 [WARN] DetailPanel:346 - Failed to get advertising image, set to default
2026-01-16 12:27:42,518 [ERROR] LogOutputStream:75 - [STDERR_REDIRECT] SLF4J: Failed to load class "org.slf4j.impl.StaticLoggerBinder".
2026-01-16 12:27:42,520 [ERROR] LogOutputStream:75 - [STDERR_REDIRECT] SLF4J: Defaulting to no-operation (NOP) logger implementation
2026-01-16 12:27:42,522 [ERROR] LogOutputStream:75 - [STDERR_REDIRECT] SLF4J: See http://www.slf4j.org/codes.html#StaticLoggerBinder for further details.
2026-01-16 12:27:42,682 [FATAL] Updater:308 - Updater called before beeing initialized
2026-01-16 12:27:42,682 [FATAL] Updater:308 - Updater called before beeing initialized
2026-01-16 12:27:42,682 [FATAL] Updater:308 - Updater called before beeing initialized
2026-01-16 12:27:42,682 [WARN] DetailPanel:346 - Failed to get advertising image, set to default
2026-01-16 12:27:42,682 [FATAL] Updater:308 - Updater called before beeing initialized
2026-01-16 12:27:42,772 [ERROR] Updater:1120 - MainUpdater not yet initialized. External WinMGr cannot be set.
2026-01-16 12:27:42,772 [INFO] Updater:1056 - Updater Version found : 6.8.1
2026-01-16 12:27:42,804 [INFO] ApplicationProperties:184 - Using Application install path: C:\ST\STM32CubeIDE_1.12.1\STM32CubeIDE\plugins\com.st.stm32cube.common.mx_6.8.1.202304191431
2026-01-16 12:27:43,040 [INFO] MainUpdater:2854 - connection check result : 10
2026-01-16 12:27:43,040 [INFO] MainUpdater:3548 - Updater definition file requires update
2026-01-16 12:27:43,040 [INFO] MainUpdater:283 - Updater Check For Update Now.
2026-01-16 12:27:43,040 [INFO] MicroXplorer:498 - Change Database Version : DB.6.0.81
2026-01-16 12:27:43,082 [INFO] ServerAccessManage:473 - Download File updaters.zip
2026-01-16 12:27:43,159 [INFO] FileExtend:240 - Unzip File : updaters.zip
2026-01-16 12:27:43,159 [INFO] FileExtend:255 - Standard Zip Deflate
2026-01-16 12:27:43,388 [WARN] MainUpdater:1187 - Updater busy. Cannot search thirdparties
2026-01-16 12:27:43,388 [INFO] ThirdPartyUpdaterWithRetryManager:96 - Updater plugin is busy. [1/15]
2026-01-16 12:27:45,303 [INFO] ServerAccessManage:473 - Download File PacksControlFlags.xml
2026-01-16 12:27:45,366 [INFO] ServerAccessManage:473 - Download File cubemx.pidx
2026-01-16 12:27:46,060 [INFO] ServerAccessManage:473 - Download File STMicroelectronics.X-CUBE-FREERTOS.pdsc
2026-01-16 12:27:46,392 [WARN] MainUpdater:1187 - Updater busy. Cannot search thirdparties
2026-01-16 12:27:46,392 [INFO] ThirdPartyUpdaterWithRetryManager:96 - Updater plugin is busy. [2/15]
2026-01-16 12:27:46,574 [INFO] ServerAccessManage:473 - Download File STMicroelectronics.X-CUBE-ST67W61.pdsc
2026-01-16 12:27:46,787 [INFO] ServerAccessManage:473 - Download File STMicroelectronics.X-CUBE-TOUCHGFX.pdsc
2026-01-16 12:27:49,008 [INFO] ServerAccessManage:473 - Download File WES.I-CUBE-Cesium.pdsc
2026-01-16 12:27:49,395 [WARN] MainUpdater:1187 - Updater busy. Cannot search thirdparties
2026-01-16 12:27:49,395 [INFO] ThirdPartyUpdaterWithRetryManager:96 - Updater plugin is busy. [3/15]
2026-01-16 12:27:49,730 [ERROR] ServerAccessManage:1089 - Problem, file not found on Server
2026-01-16 12:27:49,981 [ERROR] ServerAccessManage:1089 - Problem, file not found on Server
2026-01-16 12:27:50,193 [WARN] PopulateThirdPartyThread:106 - Error when creating pack: C:/Users/hj.abijuru/.stm32cubemx/thirdparties/pdsc/STMicroelectronics.X-CUBE-FREERTOS.pdsc
2026-01-16 12:27:50,199 [WARN] PopulateThirdPartyThread:106 - Error when creating pack: C:/Users/hj.abijuru/.stm32cubemx/thirdparties/pdsc/STMicroelectronics.X-CUBE-ST67W61.pdsc
2026-01-16 12:27:50,245 [WARN] PackLoader:240 - Cannot read IP mode file for STMicroelectronics.X-CUBE-TOUCHGFX.4.26.0
2026-01-16 12:27:50,253 [WARN] PopulateThirdPartyThread:106 - Error when creating pack: C:/Users/hj.abijuru/.stm32cubemx/thirdparties/pdsc/WES.I-CUBE-Cesium.pdsc
2026-01-16 12:27:50,255 [INFO] PopulateThirdPartyThread:66 - Ending populate Thread
2026-01-16 12:27:50,260 [INFO] ThirdParty:1030 - CMSIS Pack Vendor :STMicroelectronics X-CUBE-TOUCHGFX 4.26.0
2026-01-16 12:27:50,262 [INFO] LoadServerUpdatesThread:373 - End of LoadServerUpdate Thread
2026-01-16 12:27:50,444 [INFO] CheckServerUpdateThread:120 - End of CheckServer Thread
2026-01-16 12:27:50,470 [INFO] MainUpdater:2854 - connection check result : 10
2026-01-16 12:27:50,470 [INFO] McuFinderGlobals:66 - Set McuFinderConnectedMode to true
2026-01-16 12:27:50,950 [INFO] ServerAccessManage:473 - Download File mcusAds.json._tmp_
2026-01-16 12:27:51,083 [INFO] LoadUrlFilesThread:156 - End of LoadUrlFiles Thread
2026-01-16 12:27:51,251 [INFO] ServerAccessManage:473 - Download File cube-finder-db.zip
2026-01-16 12:27:52,402 [WARN] MainUpdater:1187 - Updater busy. Cannot search thirdparties
2026-01-16 12:27:52,402 [INFO] ThirdPartyUpdaterWithRetryManager:96 - Updater plugin is busy. [4/15]
2026-01-16 12:27:52,559 [INFO] FileExtend:240 - Unzip File : cube-finder-db.zip
2026-01-16 12:27:52,559 [INFO] FileExtend:255 - Standard Zip Deflate
2026-01-16 12:27:54,833 [INFO] LoadUrlFilesThread:156 - End of LoadUrlFiles Thread
2026-01-16 12:27:55,140 [INFO] ServerAccessManage:473 - Download File crdb.zip
2026-01-16 12:27:55,338 [INFO] FileExtend:240 - Unzip File : crdb.zip
2026-01-16 12:27:55,340 [INFO] FileExtend:255 - Standard Zip Deflate
2026-01-16 12:27:55,408 [WARN] MainUpdater:1187 - Updater busy. Cannot search thirdparties
2026-01-16 12:27:55,408 [INFO] ThirdPartyUpdaterWithRetryManager:96 - Updater plugin is busy. [5/15]
2026-01-16 12:27:55,495 [INFO] LoadUrlFilesThread:156 - End of LoadUrlFiles Thread
2026-01-16 12:27:55,718 [INFO] ServerAccessManage:473 - Download File tutoVideoDB.zip
2026-01-16 12:27:55,727 [ERROR] LogOutputStream:75 - [STDERR_REDIRECT] Exception in thread "AWT-EventQueue-0" java.lang.NullPointerException
2026-01-16 12:27:55,730 [ERROR] LogOutputStream:75 - [STDERR_REDIRECT] 	at java.desktop/javax.swing.plaf.basic.BasicProgressBarUI.updateSizes(BasicProgressBarUI.java:537)
2026-01-16 12:27:55,730 [INFO] FileExtend:240 - Unzip File : tutoVideoDB.zip
2026-01-16 12:27:55,730 [INFO] FileExtend:255 - Standard Zip Deflate
2026-01-16 12:27:55,732 [ERROR] LogOutputStream:75 - [STDERR_REDIRECT] 	at java.desktop/javax.swing.plaf.basic.BasicProgressBarUI.getBox(BasicProgressBarUI.java:494)
2026-01-16 12:27:55,734 [ERROR] LogOutputStream:75 - [STDERR_REDIRECT] 	at java.desktop/javax.swing.plaf.metal.MetalProgressBarUI.paintIndeterminate(MetalProgressBarUI.java:163)
2026-01-16 12:27:55,736 [ERROR] LogOutputStream:75 - [STDERR_REDIRECT] 	at java.desktop/javax.swing.plaf.basic.BasicProgressBarUI.paint(BasicProgressBarUI.java:459)
2026-01-16 12:27:55,736 [ERROR] LogOutputStream:75 - [STDERR_REDIRECT] 	at java.desktop/javax.swing.plaf.ComponentUI.update(ComponentUI.java:161)
2026-01-16 12:27:55,736 [ERROR] LogOutputStream:75 - [STDERR_REDIRECT] 	at java.desktop/javax.swing.JComponent.paintComponent(JComponent.java:797)
2026-01-16 12:27:55,741 [ERROR] LogOutputStream:75 - [STDERR_REDIRECT] 	at java.desktop/javax.swing.JComponent.paint(JComponent.java:1074)
2026-01-16 12:27:55,741 [ERROR] LogOutputStream:75 - [STDERR_REDIRECT] 	at java.desktop/javax.swing.JComponent.paintToOffscreen(JComponent.java:5255)
2026-01-16 12:27:55,741 [ERROR] LogOutputStream:75 - [STDERR_REDIRECT] 	at java.desktop/javax.swing.RepaintManager$PaintManager.paintDoubleBufferedFPScales(RepaintManager.java:1707)
2026-01-16 12:27:55,741 [ERROR] LogOutputStream:75 - [STDERR_REDIRECT] 	at java.desktop/javax.swing.RepaintManager$PaintManager.paintDoubleBuffered(RepaintManager.java:1616)
2026-01-16 12:27:55,747 [ERROR] LogOutputStream:75 - [STDERR_REDIRECT] 	at java.desktop/javax.swing.RepaintManager$PaintManager.paint(RepaintManager.java:1556)
2026-01-16 12:27:55,747 [ERROR] LogOutputStream:75 - [STDERR_REDIRECT] 	at java.desktop/javax.swing.RepaintManager.paint(RepaintManager.java:1323)
2026-01-16 12:27:55,747 [ERROR] LogOutputStream:75 - [STDERR_REDIRECT] 	at java.desktop/javax.swing.JComponent._paintImmediately(JComponent.java:5203)
2026-01-16 12:27:55,747 [ERROR] LogOutputStream:75 - [STDERR_REDIRECT] 	at java.desktop/javax.swing.JComponent.paintImmediately(JComponent.java:5013)
2026-01-16 12:27:55,747 [ERROR] LogOutputStream:75 - [STDERR_REDIRECT] 	at java.desktop/javax.swing.RepaintManager$4.run(RepaintManager.java:865)
2026-01-16 12:27:55,747 [ERROR] LogOutputStream:75 - [STDERR_REDIRECT] 	at java.desktop/javax.swing.RepaintManager$4.run(RepaintManager.java:848)
2026-01-16 12:27:55,747 [ERROR] LogOutputStream:75 - [STDERR_REDIRECT] 	at java.base/java.security.AccessController.doPrivileged(Native Method)
2026-01-16 12:27:55,757 [ERROR] LogOutputStream:75 - [STDERR_REDIRECT] 	at java.base/java.security.ProtectionDomain$JavaSecurityAccessImpl.doIntersectionPrivilege(ProtectionDomain.java:85)
2026-01-16 12:27:55,759 [ERROR] LogOutputStream:75 - [STDERR_REDIRECT] 	at java.desktop/javax.swing.RepaintManager.paintDirtyRegions(RepaintManager.java:848)
2026-01-16 12:27:55,759 [ERROR] LogOutputStream:75 - [STDERR_REDIRECT] 	at java.desktop/javax.swing.RepaintManager.paintDirtyRegions(RepaintManager.java:823)
2026-01-16 12:27:55,759 [ERROR] LogOutputStream:75 - [STDERR_REDIRECT] 	at java.desktop/javax.swing.RepaintManager.prePaintDirtyRegions(RepaintManager.java:772)
2026-01-16 12:27:55,759 [ERROR] LogOutputStream:75 - [STDERR_REDIRECT] 	at java.desktop/javax.swing.RepaintManager$ProcessingRunnable.run(RepaintManager.java:1890)
2026-01-16 12:27:55,759 [ERROR] LogOutputStream:75 - [STDERR_REDIRECT] 	at java.desktop/java.awt.event.InvocationEvent.dispatch(InvocationEvent.java:313)
2026-01-16 12:27:55,759 [ERROR] LogOutputStream:75 - [STDERR_REDIRECT] 	at java.desktop/java.awt.EventQueue.dispatchEventImpl(EventQueue.java:770)
2026-01-16 12:27:55,759 [ERROR] LogOutputStream:75 - [STDERR_REDIRECT] 	at java.desktop/java.awt.EventQueue$4.run(EventQueue.java:721)
2026-01-16 12:27:55,759 [ERROR] LogOutputStream:75 - [STDERR_REDIRECT] 	at java.desktop/java.awt.EventQueue$4.run(EventQueue.java:715)
2026-01-16 12:27:55,773 [ERROR] LogOutputStream:75 - [STDERR_REDIRECT] 	at java.base/java.security.AccessController.doPrivileged(Native Method)
2026-01-16 12:27:55,773 [ERROR] LogOutputStream:75 - [STDERR_REDIRECT] 	at java.base/java.security.ProtectionDomain$JavaSecurityAccessImpl.doIntersectionPrivilege(ProtectionDomain.java:85)
2026-01-16 12:27:55,773 [ERROR] LogOutputStream:75 - [STDERR_REDIRECT] 	at java.desktop/java.awt.EventQueue.dispatchEvent(EventQueue.java:740)
2026-01-16 12:27:55,773 [ERROR] LogOutputStream:75 - [STDERR_REDIRECT] 	at java.desktop/java.awt.EventDispatchThread.pumpOneEventForFilters(EventDispatchThread.java:203)
2026-01-16 12:27:55,773 [ERROR] LogOutputStream:75 - [STDERR_REDIRECT] 	at java.desktop/java.awt.EventDispatchThread.pumpEventsForFilter(EventDispatchThread.java:124)
2026-01-16 12:27:55,773 [ERROR] LogOutputStream:75 - [STDERR_REDIRECT] 	at java.desktop/java.awt.EventDispatchThread.pumpEventsForFilter(EventDispatchThread.java:117)
2026-01-16 12:27:55,773 [ERROR] LogOutputStream:75 - [STDERR_REDIRECT] 	at java.desktop/java.awt.WaitDispatchSupport$2.run(WaitDispatchSupport.java:190)
2026-01-16 12:27:55,788 [ERROR] LogOutputStream:75 - [STDERR_REDIRECT] 	at java.desktop/java.awt.WaitDispatchSupport$4.run(WaitDispatchSupport.java:235)
2026-01-16 12:27:55,788 [ERROR] LogOutputStream:75 - [STDERR_REDIRECT] 	at java.desktop/java.awt.WaitDispatchSupport$4.run(WaitDispatchSupport.java:233)
2026-01-16 12:27:55,795 [ERROR] LogOutputStream:75 - [STDERR_REDIRECT] 	at java.base/java.security.AccessController.doPrivileged(Native Method)
2026-01-16 12:27:55,795 [ERROR] LogOutputStream:75 - [STDERR_REDIRECT] 	at java.desktop/java.awt.WaitDispatchSupport.enter(WaitDispatchSupport.java:233)
2026-01-16 12:27:55,795 [ERROR] LogOutputStream:75 - [STDERR_REDIRECT] 	at java.desktop/java.awt.Dialog.show(Dialog.java:1070)
2026-01-16 12:27:55,795 [ERROR] LogOutputStream:75 - [STDERR_REDIRECT] 	at com.st.microxplorer.plugins.updater.gui.ProgressBarDialog.startProgressBar(ProgressBarDialog.java:154)
2026-01-16 12:27:55,804 [ERROR] LogOutputStream:75 - [STDERR_REDIRECT] 	at com.st.microxplorer.plugins.updater.engine.MainUpdater.loadUrlFiles(MainUpdater.java:2502)
2026-01-16 12:27:55,804 [ERROR] LogOutputStream:75 - [STDERR_REDIRECT] 	at com.st.microxplorer.plugins.updater.Updater.getSpecificTask(Updater.java:366)
2026-01-16 12:27:55,808 [ERROR] LogOutputStream:75 - [STDERR_REDIRECT] 	at com.st.microxplorer.mcufinder.gui.WebUtils.downloadDbFile(WebUtils.java:614)
2026-01-16 12:27:55,808 [ERROR] LogOutputStream:75 - [STDERR_REDIRECT] 	at com.st.microxplorer.mcufinder.gui.WebUtils.downloadDbFiles(WebUtils.java:805)
2026-01-16 12:27:55,808 [ERROR] LogOutputStream:75 - [STDERR_REDIRECT] 	at com.st.stm32cube.common.mx.targetselector.TargetSelectorAdapter$5.run(TargetSelectorAdapter.java:257)
2026-01-16 12:27:55,808 [ERROR] LogOutputStream:75 - [STDERR_REDIRECT] 	at com.st.stm32cube.common.mx.oss.core.awtswtbridge.AwtEnvironment$2.run(AwtEnvironment.java:166)
2026-01-16 12:27:55,808 [ERROR] LogOutputStream:75 - [STDERR_REDIRECT] 	at java.desktop/java.awt.event.InvocationEvent.dispatch(InvocationEvent.java:313)
2026-01-16 12:27:55,808 [ERROR] LogOutputStream:75 - [STDERR_REDIRECT] 	at java.desktop/java.awt.EventQueue.dispatchEventImpl(EventQueue.java:770)
2026-01-16 12:27:55,808 [ERROR] LogOutputStream:75 - [STDERR_REDIRECT] 	at java.desktop/java.awt.EventQueue$4.run(EventQueue.java:721)
2026-01-16 12:27:55,808 [ERROR] LogOutputStream:75 - [STDERR_REDIRECT] 	at java.desktop/java.awt.EventQueue$4.run(EventQueue.java:715)
2026-01-16 12:27:55,821 [ERROR] LogOutputStream:75 - [STDERR_REDIRECT] 	at java.base/java.security.AccessController.doPrivileged(Native Method)
2026-01-16 12:27:55,823 [ERROR] LogOutputStream:75 - [STDERR_REDIRECT] 	at java.base/java.security.ProtectionDomain$JavaSecurityAccessImpl.doIntersectionPrivilege(ProtectionDomain.java:85)
2026-01-16 12:27:55,823 [ERROR] LogOutputStream:75 - [STDERR_REDIRECT] 	at java.desktop/java.awt.EventQueue.dispatchEvent(EventQueue.java:740)
2026-01-16 12:27:55,823 [ERROR] LogOutputStream:75 - [STDERR_REDIRECT] 	at java.desktop/java.awt.EventDispatchThread.pumpOneEventForFilters(EventDispatchThread.java:203)
2026-01-16 12:27:55,823 [ERROR] LogOutputStream:75 - [STDERR_REDIRECT] 	at java.desktop/java.awt.EventDispatchThread.pumpEventsForFilter(EventDispatchThread.java:124)
2026-01-16 12:27:55,823 [ERROR] LogOutputStream:75 - [STDERR_REDIRECT] 	at java.desktop/java.awt.EventDispatchThread.pumpEventsForHierarchy(EventDispatchThread.java:113)
2026-01-16 12:27:55,823 [ERROR] LogOutputStream:75 - [STDERR_REDIRECT] 	at java.desktop/java.awt.EventDispatchThread.pumpEvents(EventDispatchThread.java:109)
2026-01-16 12:27:55,823 [ERROR] LogOutputStream:75 - [STDERR_REDIRECT] 	at java.desktop/java.awt.EventDispatchThread.pumpEvents(EventDispatchThread.java:101)
2026-01-16 12:27:55,823 [ERROR] LogOutputStream:75 - [STDERR_REDIRECT] 	at java.desktop/java.awt.EventDispatchThread.run(EventDispatchThread.java:90)
2026-01-16 12:27:55,842 [INFO] LoadUrlFilesThread:156 - End of LoadUrlFiles Thread
2026-01-16 12:27:55,854 [WARN] DbFile:41 - Overriding database path with different value: C:\Users\hj.abijuru\.stmcufinder\plugins\mcufinder/ => C:\Users\hj.abijuru\.stmcufinder\plugins\mcufinder
2026-01-16 12:27:56,012 [INFO] ServerAccessManage:473 - Download File api_config.json
2026-01-16 12:27:56,143 [INFO] LoadUrlFilesThread:156 - End of LoadUrlFiles Thread
2026-01-16 12:27:56,147 [INFO] DbMcusAds:53 - JSON generation date=Thu Jan 08 16:56:32 CET 2026 (1767887792457)
2026-01-16 12:27:56,205 [INFO] LoadUrlFilesThread:185 - End of LoadServerUrlFiles without Thread
2026-01-16 12:27:56,207 [INFO] TargetSelectorAdapter:259 - Refresh data is successful
2026-01-16 12:27:56,329 [INFO] ApiDb:581 - Connected to CubeFinder SQLite database (C:\Users\hj.abijuru\.stmcufinder\plugins\mcufinder\mcu\cube-finder-db.db)
2026-01-16 12:27:56,457 [INFO] ApiDb:668 - CubeFinder database Data Model version=2.1
2026-01-16 12:27:56,457 [INFO] ApiDb:669 - CubeFinder database Configuration version=3.0.39
2026-01-16 12:27:56,457 [INFO] ApiDb:670 - CubeFinder database generation date=2025-12-22 (1766407740)
2026-01-16 12:27:56,457 [INFO] ApiDb:671 - CubeFinder database FW Pack versions=[FP-ATR-ASTRA1_V2.0.0, FP-SNS-FLIGHT1_V5.1.0, FP-SNS-MOTENV1_V5.1.0, FP-SNS-MOTENVWB1_V1.4.0, FP-SNS-SMARTAG2_V1.2.0, FP-SNS-STBOX1_V2.1.0, STM32Cube_FW_C0_V1.4.0, STM32Cube_FW_F4_V1.28.3, STM32Cube_FW_F7_V1.17.4, STM32Cube_FW_G0_V1.6.2, STM32Cube_FW_G4_V1.6.1, STM32Cube_FW_H5_V1.5.1, STM32Cube_FW_H7RS_V1.3.0, STM32Cube_FW_H7_V1.12.1, STM32Cube_FW_L0_V1.12.2, STM32Cube_FW_L4_V1.18.1, STM32Cube_FW_L5_V1.6.0, STM32Cube_FW_N6_V1.3.0, STM32Cube_FW_U0_V1.3.0, STM32Cube_FW_U3_V1.2.1, STM32Cube_FW_U5_V1.8.0, STM32Cube_FW_WB0_V1.4.0, STM32Cube_FW_WBA_V1.8.0, STM32Cube_FW_WB_V1.24.0, STM32Cube_FW_WL3_V1.3.0, STM32Cube_FW_WL_V1.4.0, X-CUBE-ALGOBUILD_V1.4.0, X-CUBE-ALS_V1.0.2, X-CUBE-AZRTOS-F4_V1.1.0, X-CUBE-AZRTOS-F7_V1.1.0, X-CUBE-AZRTOS-G0_V1.1.0, X-CUBE-AZRTOS-G4_V2.0.0, X-CUBE-AZRTOS-H7RS_V1.1.0, X-CUBE-AZRTOS-H7_V3.4.0, X-CUBE-AZRTOS-L4_V2.0.0, X-CUBE-AZRTOS-L5_V2.0.0, X-CUBE-AZRTOS-WB_V2.0.0, X-CUBE-AZRTOS-WL_V2.0.0, X-CUBE-BLE1_V7.1.0, X-CUBE-BLE2_V3.3.0, X-CUBE-BLEMGR_V4.1.0, X-CUBE-EEPRMA1_V5.2.0, X-CUBE-FREERTOS_V1.3.1, X-CUBE-GNSS1_V6.0.0, X-CUBE-MEMS1_V12.0.0, X-CUBE-NFC4_V3.0.0, X-CUBE-NFC7_V2.0.0, X-CUBE-SFXS2LP1_V4.0.0, X-CUBE-ST67W61_V1.1.0, X-CUBE-SUBG2_V5.0.0, X-CUBE-TOF1_V3.4.3]
2026-01-16 12:27:58,847 [WARN] PackLoader:240 - Cannot read IP mode file for STMicroelectronics.FP-SNS-MOTENVWB1.1.4.0
2026-01-16 12:27:58,861 [WARN] PackLoader:240 - Cannot read IP mode file for STMicroelectronics.FP-ATR-ASTRA1.2.0.2
2026-01-16 12:27:58,878 [WARN] PackLoader:240 - Cannot read IP mode file for STMicroelectronics.X-CUBE-SMBUS.2.1.0
2026-01-16 12:27:58,974 [WARN] PackLoader:240 - Cannot read IP mode file for STMicroelectronics.X-CUBE-AZRTOS-F7.1.1.0
2026-01-16 12:27:59,033 [ERROR] Engine:466 - C:\Users\hj.abijuru\.stm32cubemx\thirdparties\pdsc\STMicroelectronics.FP-SNS-MOTENV1.5.1.0.pdsc: PDSC version is not supported
2026-01-16 12:27:59,035 [ERROR] Engine:466 - C:\Users\hj.abijuru\.stm32cubemx\thirdparties\pdsc\WES.I-CUBE-Cesium.1.4.0.pdsc: PDSC version is not supported
2026-01-16 12:27:59,098 [WARN] PackLoader:240 - Cannot read IP mode file for STMicroelectronics.X-CUBE-AZRTOS-H7.3.4.0
2026-01-16 12:27:59,132 [WARN] PackLoader:240 - Cannot read IP mode file for STMicroelectronics.X-CUBE-DISPLAY.3.0.0
2026-01-16 12:27:59,180 [WARN] PackLoader:240 - Cannot read IP mode file for STMicroelectronics.X-CUBE-NFC10.1.0.0
2026-01-16 12:27:59,196 [ERROR] Engine:466 - C:\Users\hj.abijuru\.stm32cubemx\thirdparties\pdsc\STMicroelectronics.X-CUBE-ST60.1.1.0.pdsc: PDSC version is not supported
2026-01-16 12:27:59,208 [WARN] PackLoader:240 - Cannot read IP mode file for emotas.I-CUBE-CANOPEN.1.3.0
2026-01-16 12:27:59,234 [WARN] PackLoader:240 - Cannot read IP mode file for STMicroelectronics.X-CUBE-GNSS1.7.1.0
2026-01-16 12:27:59,245 [ERROR] Engine:466 - C:\Users\hj.abijuru\.stm32cubemx\thirdparties\pdsc\STMicroelectronics.FP-SNS-STBOX1.2.1.0.pdsc: PDSC version is not supported
2026-01-16 12:27:59,277 [WARN] PackLoader:240 - Cannot read IP mode file for STMicroelectronics.FP-SNS-SMARTAG2.1.2.0
2026-01-16 12:27:59,289 [ERROR] Engine:466 - C:\Users\hj.abijuru\.stm32cubemx\thirdparties\pdsc\STMicroelectronics.FP-SNS-FLIGHT1.5.1.0.pdsc: PDSC version is not supported
2026-01-16 12:27:59,310 [INFO] LogOutputStream:77 - [STDOUT_REDIRECT] 1 : Invalid condition id : UX_CORESTACK_Condition cause : null
2026-01-16 12:27:59,312 [INFO] LogOutputStream:77 - [STDOUT_REDIRECT] 1 : Invalid condition id : UX_CORESTACK_Condition cause : null
2026-01-16 12:27:59,315 [INFO] LogOutputStream:77 - [STDOUT_REDIRECT] 1 : Invalid condition id : UX_CORESTACK_Condition cause : null
2026-01-16 12:27:59,319 [INFO] LogOutputStream:77 - [STDOUT_REDIRECT] 1 : Invalid condition id : UX_CORESTACK_Condition cause : null
2026-01-16 12:27:59,319 [INFO] LogOutputStream:77 - [STDOUT_REDIRECT] 1 : Invalid condition id : UX_CORESTACK_Condition cause : null
2026-01-16 12:27:59,325 [WARN] PackLoader:240 - Cannot read IP mode file for STMicroelectronics.X-CUBE-AZRTOS-WL.2.0.0
2026-01-16 12:27:59,380 [WARN] PackLoader:240 - Cannot read IP mode file for STMicroelectronics.X-CUBE-AZRTOS-H7RS.1.2.0
2026-01-16 12:27:59,396 [WARN] PackLoader:240 - Cannot read IP mode file for STMicroelectronics.X-CUBE-BLE2.3.3.0
2026-01-16 12:27:59,401 [ERROR] Engine:466 - C:\Users\hj.abijuru\.stm32cubemx\thirdparties\pdsc\Avnet-IOTCONNECT.X-CUBE-iotc-st67-sdk.1.0.0.pdsc: PDSC version is not supported
2026-01-16 12:27:59,415 [ERROR] Engine:466 - C:\Users\hj.abijuru\.stm32cubemx\thirdparties\pdsc\Infineon.AIROC-Wi-Fi-Bluetooth-STM32.1.8.0.pdsc: PDSC version is not supported
2026-01-16 12:27:59,427 [WARN] PackLoader:240 - Cannot read IP mode file for STMicroelectronics.X-CUBE-NFC9.1.0.0
2026-01-16 12:27:59,480 [WARN] PackLoader:240 - Cannot read IP mode file for STMicroelectronics.X-CUBE-BLE1.7.1.0
2026-01-16 12:27:59,499 [WARN] PackLoader:240 - Cannot read IP mode file for wolfSSL.I-CUBE-wolfMQTT.1.19.2
2026-01-16 12:27:59,503 [ERROR] Engine:466 - C:\Users\hj.abijuru\.stm32cubemx\thirdparties\pdsc\STMicroelectronics.X-CUBE-FREERTOS.1.4.0.pdsc: PDSC version is not supported
2026-01-16 12:27:59,535 [WARN] PackLoader:240 - Cannot read IP mode file for STMicroelectronics.X-CUBE-EEPRMA1.5.2.0
2026-01-16 12:27:59,554 [WARN] PackLoader:240 - Cannot read IP mode file for wolfSSL.I-CUBE-wolfSSL.5.8.4
2026-01-16 12:27:59,578 [ERROR] Engine:466 - C:\Users\hj.abijuru\.stm32cubemx\thirdparties\pdsc\Cesanta.I-CUBE-Mongoose.7.20.0.pdsc: PDSC version is not supported
2026-01-16 12:27:59,595 [ERROR] Engine:466 - C:\Users\hj.abijuru\.stm32cubemx\thirdparties\pdsc\STMicroelectronics.X-CUBE-ST67W61.1.1.0.pdsc: PDSC version is not supported
2026-01-16 12:27:59,831 [WARN] PackLoader:240 - Cannot read IP mode file for STMicroelectronics.X-CUBE-MEMS1.12.0.0
2026-01-16 12:28:00,251 [WARN] PackLoader:240 - Cannot read IP mode file for STMicroelectronics.X-CUBE-AZRTOS-G0.1.1.0
2026-01-16 12:28:00,295 [INFO] ApiDb:240 - Found 297 in-development CPN: [B-G473E-ZEST1S, B-WB1M-WPAN1, B-WL5M-SUBG1, NUCLEO-C031C6, NUCLEO-H503RB, NUCLEO-H563ZI, NUCLEO-U545RE-Q, NUCLEO-U5A5ZJ-Q, NUCLEO-WBA52CG, STEVAL-PROTEUS1, STEVAL-STWINBX1, STM320518-EVAL, STM32C0116-DK, STM32C011D6Y3TR, STM32C011D6Y6TR, STM32C011F4P3, STM32C011F4P6, STM32C011F4U3, STM32C011F4U6TR, STM32C011F6P3, STM32C011F6P6, STM32C011F6U3, STM32C011F6U6TR, STM32C011J4M3, STM32C011J4M6, STM32C011J6M3, STM32C011J6M6, STM32C0316-DK, STM32C031C4T3, STM32C031C4T6, STM32C031C4U3, STM32C031C4U6, STM32C031C6T3, STM32C031C6T6, STM32C031C6U3, STM32C031C6U6, STM32C031F4P3, STM32C031F4P6, STM32C031F6P3, STM32C031F6P6, STM32C031G4U3, STM32C031G4U6, STM32C031G6U3, STM32C031G6U6, STM32C031K4T3, STM32C031K4T6, STM32C031K4U3, STM32C031K4U6, STM32C031K6T3, STM32C031K6T6, STM32C031K6U3, STM32C031K6U6, STM32G071K8TXN, STM32G071K8UXN, STM32G081GBU6N, STM32G081KBT6N, STM32G081KBUXN, STM32G0B1CCT6N, STM32G0B1KCT6, STM32G0B1NEY6TR, STM32G0B1RCT6N, STM32G0C1CCT6, STM32G0C1CCT6N, STM32G0C1CCU6N, STM32G0C1CET6N, STM32G0C1CEU6N, STM32G0C1KCT6, STM32G0C1NEY6TR, STM32G0C1RCI6N, STM32G0C1RCT6N, STM32G0C1REI6N, STM32G0C1RET6N, STM32G0C1VCI6, STM32G0C1VEI6, STM32G471CCT6, STM32G471CCU6, STM32G471CET3, STM32G471CET6, STM32G471CEU3, STM32G471CEU6, STM32G471MCT6, STM32G471MET3, STM32G471MET6, STM32G471MEY6TR, STM32G471QCT6, STM32G471QET3, STM32G471RCT6, STM32G471RET3, STM32G471RET6, STM32G471VCH6, STM32G471VCI6, STM32G471VCT6, STM32G471VEH3, STM32G471VEH6, STM32G471VEI3, STM32G471VEI6, STM32G471VET3, STM32G471VET6, STM32G474CCT6, STM32H503CBT6, STM32H503CBU6, STM32H503EBY6TR, STM32H503KBU6, STM32H503RBT6, STM32H562AGI6, STM32H562AII6, STM32H562IGK6, STM32H562IGT6, STM32H562IIK6, STM32H562IIT6, STM32H562RGT6, STM32H562RGV6, STM32H562RIT6, STM32H562RIV6, STM32H562VGT6, STM32H562VIT6, STM32H562ZGT6, STM32H562ZIT6, STM32H563AGI6, STM32H563AII3Q, STM32H563AII6, STM32H563IGK6, STM32H563IGT6, STM32H563IIK3Q, STM32H563IIK6, STM32H563IIT3Q, STM32H563IIT6, STM32H563MIY3QTR, STM32H563RGT6, STM32H563RGV6, STM32H563RIT6, STM32H563RIV6, STM32H563VGT6, STM32H563VIT3Q, STM32H563VIT6, STM32H563ZGT6, STM32H563ZIT3Q, STM32H563ZIT6, STM32H573AII3Q, STM32H573AII6, STM32H573I-DK, STM32H573IIK3Q, STM32H573IIK6, STM32H573IIT3Q, STM32H573IIT6, STM32H573MIY3QTR, STM32H573RIT6, STM32H573RIV6, STM32H573VIT3Q, STM32H573VIT6, STM32H573ZIT3Q, STM32H573ZIT6, STM32L4R5QGI6STR, STM32MP131AAE3, STM32MP131AAF3, STM32MP131AAG3, STM32MP131CAE3, STM32MP131CAF3, STM32MP131CAG3, STM32MP131DAE7, STM32MP131DAF7, STM32MP131DAG7, STM32MP131FAE7, STM32MP131FAF7, STM32MP131FAG7, STM32MP133AAE3, STM32MP133AAF3, STM32MP133AAG3, STM32MP133CAE3, STM32MP133CAF3, STM32MP133CAG3, STM32MP133DAE7, STM32MP133DAF7, STM32MP133DAG7, STM32MP133FAE7, STM32MP133FAF7, STM32MP133FAG7, STM32MP135AAE3, STM32MP135AAF3, STM32MP135AAG3, STM32MP135CAE3, STM32MP135CAF3, STM32MP135CAG3, STM32MP135DAE7, STM32MP135DAF7, STM32MP135DAG7, STM32MP135F-DK, STM32MP135FAE7, STM32MP135FAF7, STM32MP135FAF7T, STM32MP135FAF7U, STM32MP135FAG7, STM32U535CBT6, STM32U535CBT6Q, STM32U535CBU6, STM32U535CBU6Q, STM32U535CCT6, STM32U535CCT6Q, STM32U535CCU6, STM32U535CCU6Q, STM32U535CET6, STM32U535CET6Q, STM32U535CEU6, STM32U535CEU6Q, STM32U535JEY6QTR, STM32U535NCY6QTR, STM32U535NEY6QTR, STM32U535RBI6, STM32U535RBI6Q, STM32U535RBT6, STM32U535RBT6Q, STM32U535RCI6, STM32U535RCI6Q, STM32U535RCT6, STM32U535RCT6Q, STM32U535REI6, STM32U535REI6Q, STM32U535RET6, STM32U535RET6Q, STM32U535VCI6, STM32U535VCI6Q, STM32U535VCT6, STM32U535VCT6Q, STM32U535VEI6, STM32U535VEI6Q, STM32U535VET6, STM32U535VET6Q, STM32U545CET6, STM32U545CET6Q, STM32U545CEU6, STM32U545CEU6Q, STM32U545JEY6QTR, STM32U545NEY6QTR, STM32U545REI6, STM32U545REI6Q, STM32U545RET6, STM32U545RET6Q, STM32U545VEI6, STM32U545VEI6Q, STM32U545VET6, STM32U545VET6Q, STM32U595AIH6, STM32U595AIH6Q, STM32U595AJH6, STM32U595AJH6Q, STM32U595QII6, STM32U595QII6Q, STM32U595QJI6, STM32U595QJI6Q, STM32U595RIT6, STM32U595RIT6Q, STM32U595RJT6, STM32U595RJT6Q, STM32U595VIT6, STM32U595VIT6Q, STM32U595VJT6, STM32U595VJT6Q, STM32U595ZIT6, STM32U595ZIT6Q, STM32U595ZIY6QTR, STM32U595ZJT6, STM32U595ZJT6Q, STM32U595ZJY6QTR, STM32U599BJY6QTR, STM32U599NIH6Q, STM32U599NJH6Q, STM32U599VIT6Q, STM32U599VJT6, STM32U599VJT6Q, STM32U599ZIT6Q, STM32U599ZIY6QTR, STM32U599ZJT6Q, STM32U599ZJY6QTR, STM32U5A5AJH6, STM32U5A5AJH6Q, STM32U5A5QJI6, STM32U5A5QJI6Q, STM32U5A5RJT6, STM32U5A5RJT6Q, STM32U5A5VJT6, STM32U5A5VJT6Q, STM32U5A5ZJT6, STM32U5A5ZJT6Q, STM32U5A5ZJY6QTR, STM32U5A9BJY6QTR, STM32U5A9J-DK, STM32U5A9NJH6Q, STM32U5A9VJT6Q, STM32U5A9ZJT6Q, STM32U5A9ZJY6QTR, STM32WB1MMCH6, STM32WBA52CEU6, STM32WBA52CEU6T, STM32WBA52CGU6, STM32WBA52CGU6T, STM32WL5MOCH6, STM32WL5MOCH6TR]
2026-01-16 12:28:00,304 [INFO] DbMcus:216 - Found 4794 MCUs, 4794 are supported
2026-01-16 12:28:00,311 [INFO] ApiDb:423 - Load user favorites file C:\Users\hj.abijuru/.stm32cubeide/favorites.mcus.txt: 0 item(s)
2026-01-16 12:28:00,311 [INFO] ApiDb:427 - User favorites MCUs=[]
2026-01-16 12:28:00,311 [INFO] DbMcus:222 - Set 0 / 0 favorites MCUs
2026-01-16 12:28:00,334 [WARN] PackLoader:240 - Cannot read IP mode file for STMicroelectronics.X-CUBE-NFC4.3.0.0
2026-01-16 12:28:00,379 [ERROR] Engine:466 - C:\Users\hj.abijuru\.stm32cubemx\thirdparties\pdsc\EmbeddedOffice.I-CUBE-FS-RTOS.1.0.1.pdsc: PDSC version is not supported
2026-01-16 12:28:00,402 [WARN] PackLoader:240 - Cannot read IP mode file for STMicroelectronics.X-CUBE-WB05N.2.0.0
2026-01-16 12:28:00,417 [WARN] PackLoader:240 - Cannot read IP mode file for wolfSSL.I-CUBE-wolfTPM.3.8.0
2026-01-16 12:28:00,433 [ERROR] Engine:466 - C:\Users\hj.abijuru\.stm32cubemx\thirdparties\pdsc\STMicroelectronics.X-CUBE-TCPP.4.2.0.pdsc: PDSC version is not supported
2026-01-16 12:28:00,441 [ERROR] Engine:466 - C:\Users\hj.abijuru\.stm32cubemx\thirdparties\pdsc\RealThread.X-CUBE-RT-Thread_Nano.4.1.1.pdsc: PDSC version is not supported
2026-01-16 12:28:00,448 [WARN] PackLoader:240 - Cannot read IP mode file for STMicroelectronics.FP-ATR-SIGFOX1.3.2.0
2026-01-16 12:28:00,464 [WARN] PackLoader:240 - Cannot read IP mode file for ITTIA_DB.I-CUBE-ITTIADB.8.9.0
2026-01-16 12:28:00,476 [WARN] PackLoader:240 - Cannot read IP mode file for STMicroelectronics.X-CUBE-AI.10.2.0
2026-01-16 12:28:00,541 [WARN] PackLoader:240 - Cannot read IP mode file for SEGGER.I-CUBE-embOS.1.3.1
2026-01-16 12:28:00,602 [WARN] PackLoader:240 - Cannot read IP mode file for STMicroelectronics.X-CUBE-ALGOBUILD.1.4.0
2026-01-16 12:28:00,619 [WARN] PackLoader:240 - Cannot read IP mode file for STMicroelectronics.X-CUBE-PM33A1.1.0.0
2026-01-16 12:28:00,674 [WARN] PackLoader:240 - Cannot read IP mode file for STMicroelectronics.X-CUBE-AZRTOS-F4.1.1.0
2026-01-16 12:28:00,721 [WARN] PackLoader:240 - Cannot read IP mode file for STMicroelectronics.X-CUBE-ISPU.2.1.0
2026-01-16 12:28:00,858 [ERROR] Engine:466 - C:\Users\hj.abijuru\.stm32cubemx\thirdparties\pdsc\STMicroelectronics.X-CUBE-IPS.3.2.0.pdsc: PDSC version is not supported
2026-01-16 12:28:00,917 [WARN] PackLoader:240 - Cannot read IP mode file for STMicroelectronics.X-CUBE-NFC12.1.0.0
2026-01-16 12:28:01,162 [WARN] PackLoader:240 - Cannot read IP mode file for STMicroelectronics.X-CUBE-AZRTOS-L5.2.0.0
2026-01-16 12:28:01,188 [WARN] PackLoader:240 - Cannot read IP mode file for STMicroelectronics.X-CUBE-NFC6.3.1.0
2026-01-16 12:28:01,200 [WARN] PackLoader:240 - Cannot read IP mode file for STMicroelectronics.X-CUBE-TOUCHGFX.4.26.0
2026-01-16 12:28:01,273 [ERROR] Engine:466 - C:\Users\hj.abijuru\.stm32cubemx\thirdparties\pdsc\STMicroelectronics.FP-SNS-STAIOTCFT.1.0.0.pdsc: PDSC version is not supported
2026-01-16 12:28:01,288 [ERROR] Engine:466 - C:\Users\hj.abijuru\.stm32cubemx\thirdparties\pdsc\STMicroelectronics.X-CUBE-DPower.1.3.0.pdsc: PDSC version is not supported
2026-01-16 12:28:01,343 [INFO] ApiDb:668 - CubeFinder database Data Model version=2.1
2026-01-16 12:28:01,343 [INFO] ApiDb:669 - CubeFinder database Configuration version=3.0.39
2026-01-16 12:28:01,343 [INFO] ApiDb:670 - CubeFinder database generation date=2025-12-22 (1766407740)
2026-01-16 12:28:01,343 [INFO] ApiDb:671 - CubeFinder database FW Pack versions=[FP-ATR-ASTRA1_V2.0.0, FP-SNS-FLIGHT1_V5.1.0, FP-SNS-MOTENV1_V5.1.0, FP-SNS-MOTENVWB1_V1.4.0, FP-SNS-SMARTAG2_V1.2.0, FP-SNS-STBOX1_V2.1.0, STM32Cube_FW_C0_V1.4.0, STM32Cube_FW_F4_V1.28.3, STM32Cube_FW_F7_V1.17.4, STM32Cube_FW_G0_V1.6.2, STM32Cube_FW_G4_V1.6.1, STM32Cube_FW_H5_V1.5.1, STM32Cube_FW_H7RS_V1.3.0, STM32Cube_FW_H7_V1.12.1, STM32Cube_FW_L0_V1.12.2, STM32Cube_FW_L4_V1.18.1, STM32Cube_FW_L5_V1.6.0, STM32Cube_FW_N6_V1.3.0, STM32Cube_FW_U0_V1.3.0, STM32Cube_FW_U3_V1.2.1, STM32Cube_FW_U5_V1.8.0, STM32Cube_FW_WB0_V1.4.0, STM32Cube_FW_WBA_V1.8.0, STM32Cube_FW_WB_V1.24.0, STM32Cube_FW_WL3_V1.3.0, STM32Cube_FW_WL_V1.4.0, X-CUBE-ALGOBUILD_V1.4.0, X-CUBE-ALS_V1.0.2, X-CUBE-AZRTOS-F4_V1.1.0, X-CUBE-AZRTOS-F7_V1.1.0, X-CUBE-AZRTOS-G0_V1.1.0, X-CUBE-AZRTOS-G4_V2.0.0, X-CUBE-AZRTOS-H7RS_V1.1.0, X-CUBE-AZRTOS-H7_V3.4.0, X-CUBE-AZRTOS-L4_V2.0.0, X-CUBE-AZRTOS-L5_V2.0.0, X-CUBE-AZRTOS-WB_V2.0.0, X-CUBE-AZRTOS-WL_V2.0.0, X-CUBE-BLE1_V7.1.0, X-CUBE-BLE2_V3.3.0, X-CUBE-BLEMGR_V4.1.0, X-CUBE-EEPRMA1_V5.2.0, X-CUBE-FREERTOS_V1.3.1, X-CUBE-GNSS1_V6.0.0, X-CUBE-MEMS1_V12.0.0, X-CUBE-NFC4_V3.0.0, X-CUBE-NFC7_V2.0.0, X-CUBE-SFXS2LP1_V4.0.0, X-CUBE-ST67W61_V1.1.0, X-CUBE-SUBG2_V5.0.0, X-CUBE-TOF1_V3.4.3]
2026-01-16 12:28:01,347 [WARN] ConditionMgr:438 - getConditionDescription Invalid condition id : LAN8742 Phy interface Condition cause : null
2026-01-16 12:28:01,349 [WARN] PackLoader:240 - Cannot read IP mode file for STMicroelectronics.X-CUBE-AZRTOS-L4.2.0.0
2026-01-16 12:28:01,351 [WARN] ConditionMgr:1039 - genDependencies : Invalid condition id : LAN8742 Phy interface Condition cause : null
2026-01-16 12:28:01,351 [WARN] ConditionMgr:1039 - genDependencies : Invalid condition id : LAN8742 Phy interface Condition cause : null
2026-01-16 12:28:01,353 [WARN] ConditionMgr:1039 - genDependencies : Invalid condition id : LAN8742 Phy interface Condition cause : null
2026-01-16 12:28:01,381 [WARN] PackLoader:240 - Cannot read IP mode file for STMicroelectronics.X-CUBE-SFXS2LP1.4.0.0
2026-01-16 12:28:01,386 [ERROR] Engine:466 - C:\Users\hj.abijuru\.stm32cubemx\thirdparties\pdsc\STMicroelectronics.X-CUBE-ST67W61.1.2.0.pdsc: PDSC version is not supported
2026-01-16 12:28:01,404 [ERROR] Engine:466 - C:\Users\hj.abijuru\.stm32cubemx\thirdparties\pdsc\STMicroelectronics.X-CUBE-BLEMGR.4.1.0.pdsc: PDSC version is not supported
2026-01-16 12:28:01,437 [WARN] ConditionMgr:438 - getConditionDescription Invalid condition id : UX DEVICE CLASS RTOS Condition cause : null
2026-01-16 12:28:01,437 [WARN] ConditionMgr:438 - getConditionDescription Invalid condition id : UX DEVICE CLASS RTOS Condition cause : null
2026-01-16 12:28:01,439 [WARN] PackLoader:240 - Cannot read IP mode file for STMicroelectronics.X-CUBE-AZRTOS-WB.2.0.0
2026-01-16 12:28:01,443 [WARN] ConditionMgr:1039 - genDependencies : Invalid condition id : UX DEVICE CLASS RTOS Condition cause : null
2026-01-16 12:28:01,443 [WARN] ConditionMgr:1039 - genDependencies : Invalid condition id : UX DEVICE CLASS RTOS Condition cause : null
2026-01-16 12:28:01,443 [WARN] ConditionMgr:1039 - genDependencies : Invalid condition id : UX DEVICE CLASS RTOS Condition cause : null
2026-01-16 12:28:01,443 [WARN] ConditionMgr:1039 - genDependencies : Invalid condition id : UX DEVICE CLASS RTOS Condition cause : null
2026-01-16 12:28:01,443 [WARN] ConditionMgr:1039 - genDependencies : Invalid condition id : UX DEVICE CLASS RTOS Condition cause : null
2026-01-16 12:28:01,453 [ERROR] Engine:466 - C:\Users\hj.abijuru\.stm32cubemx\thirdparties\pdsc\quantropi.X-CUBE-qispace-sdk-base.2.1.0.pdsc: PDSC version is not supported
2026-01-16 12:28:01,467 [INFO] DbBoardsSqlite:226 - include board P-NUCLEO-WB55-NUCLEO as a kit item of type 'Nucleo-64'
2026-01-16 12:28:01,467 [INFO] DbBoardsSqlite:226 - include board P-NUCLEO-WB55-USBDONGLE as a kit item of type 'Nucleo USB Dongle'
2026-01-16 12:28:01,467 [INFO] DbBoardsSqlite:226 - include board STEVAL-IDP005V1 as a kit item of type 'Evaluation Board'
2026-01-16 12:28:01,469 [INFO] DbBoardsSqlite:226 - include board STEVAL-IDP005V2 as a kit item of type 'Evaluation Board'
2026-01-16 12:28:01,475 [WARN] PackLoader:240 - Cannot read IP mode file for STMicroelectronics.X-CUBE-SUBG2.5.0.0
2026-01-16 12:28:01,516 [WARN] PackLoader:240 - Cannot read IP mode file for STMicroelectronics.X-CUBE-AZRTOS-G4.2.0.0
2026-01-16 12:28:01,532 [WARN] PackLoader:240 - Cannot read IP mode file for wolfSSL.I-CUBE-wolfSSH.1.4.20
2026-01-16 12:28:01,546 [WARN] PackLoader:240 - Cannot read IP mode file for STMicroelectronics.X-CUBE-NFC7.2.0.0
2026-01-16 12:28:01,568 [WARN] PackLoader:240 - Cannot read IP mode file for STMicroelectronics.X-CUBE-ALS.1.0.2
2026-01-16 12:28:01,589 [WARN] PackLoader:240 - Cannot read IP mode file for STMicroelectronics.X-CUBE-STSE01.1.0.0
2026-01-16 12:28:01,609 [ERROR] Engine:466 - C:\Users\hj.abijuru\.stm32cubemx\thirdparties\pdsc\STMicroelectronics.X-CUBE-TOF1.3.4.3.pdsc: PDSC version is not supported
2026-01-16 12:28:01,609 [INFO] ThirdParty:978 - Integrity check success = true
2026-01-16 12:28:01,611 [INFO] IntegrityCheckThread:100 - exiting critical section [integrity check]
2026-01-16 12:28:01,611 [INFO] IntegrityCheckThread:103 - End integrity checks thread
2026-01-16 12:28:01,636 [INFO] ApiDb:240 - Found 297 in-development CPN: [B-G473E-ZEST1S, B-WB1M-WPAN1, B-WL5M-SUBG1, NUCLEO-C031C6, NUCLEO-H503RB, NUCLEO-H563ZI, NUCLEO-U545RE-Q, NUCLEO-U5A5ZJ-Q, NUCLEO-WBA52CG, STEVAL-PROTEUS1, STEVAL-STWINBX1, STM320518-EVAL, STM32C0116-DK, STM32C011D6Y3TR, STM32C011D6Y6TR, STM32C011F4P3, STM32C011F4P6, STM32C011F4U3, STM32C011F4U6TR, STM32C011F6P3, STM32C011F6P6, STM32C011F6U3, STM32C011F6U6TR, STM32C011J4M3, STM32C011J4M6, STM32C011J6M3, STM32C011J6M6, STM32C0316-DK, STM32C031C4T3, STM32C031C4T6, STM32C031C4U3, STM32C031C4U6, STM32C031C6T3, STM32C031C6T6, STM32C031C6U3, STM32C031C6U6, STM32C031F4P3, STM32C031F4P6, STM32C031F6P3, STM32C031F6P6, STM32C031G4U3, STM32C031G4U6, STM32C031G6U3, STM32C031G6U6, STM32C031K4T3, STM32C031K4T6, STM32C031K4U3, STM32C031K4U6, STM32C031K6T3, STM32C031K6T6, STM32C031K6U3, STM32C031K6U6, STM32G071K8TXN, STM32G071K8UXN, STM32G081GBU6N, STM32G081KBT6N, STM32G081KBUXN, STM32G0B1CCT6N, STM32G0B1KCT6, STM32G0B1NEY6TR, STM32G0B1RCT6N, STM32G0C1CCT6, STM32G0C1CCT6N, STM32G0C1CCU6N, STM32G0C1CET6N, STM32G0C1CEU6N, STM32G0C1KCT6, STM32G0C1NEY6TR, STM32G0C1RCI6N, STM32G0C1RCT6N, STM32G0C1REI6N, STM32G0C1RET6N, STM32G0C1VCI6, STM32G0C1VEI6, STM32G471CCT6, STM32G471CCU6, STM32G471CET3, STM32G471CET6, STM32G471CEU3, STM32G471CEU6, STM32G471MCT6, STM32G471MET3, STM32G471MET6, STM32G471MEY6TR, STM32G471QCT6, STM32G471QET3, STM32G471RCT6, STM32G471RET3, STM32G471RET6, STM32G471VCH6, STM32G471VCI6, STM32G471VCT6, STM32G471VEH3, STM32G471VEH6, STM32G471VEI3, STM32G471VEI6, STM32G471VET3, STM32G471VET6, STM32G474CCT6, STM32H503CBT6, STM32H503CBU6, STM32H503EBY6TR, STM32H503KBU6, STM32H503RBT6, STM32H562AGI6, STM32H562AII6, STM32H562IGK6, STM32H562IGT6, STM32H562IIK6, STM32H562IIT6, STM32H562RGT6, STM32H562RGV6, STM32H562RIT6, STM32H562RIV6, STM32H562VGT6, STM32H562VIT6, STM32H562ZGT6, STM32H562ZIT6, STM32H563AGI6, STM32H563AII3Q, STM32H563AII6, STM32H563IGK6, STM32H563IGT6, STM32H563IIK3Q, STM32H563IIK6, STM32H563IIT3Q, STM32H563IIT6, STM32H563MIY3QTR, STM32H563RGT6, STM32H563RGV6, STM32H563RIT6, STM32H563RIV6, STM32H563VGT6, STM32H563VIT3Q, STM32H563VIT6, STM32H563ZGT6, STM32H563ZIT3Q, STM32H563ZIT6, STM32H573AII3Q, STM32H573AII6, STM32H573I-DK, STM32H573IIK3Q, STM32H573IIK6, STM32H573IIT3Q, STM32H573IIT6, STM32H573MIY3QTR, STM32H573RIT6, STM32H573RIV6, STM32H573VIT3Q, STM32H573VIT6, STM32H573ZIT3Q, STM32H573ZIT6, STM32L4R5QGI6STR, STM32MP131AAE3, STM32MP131AAF3, STM32MP131AAG3, STM32MP131CAE3, STM32MP131CAF3, STM32MP131CAG3, STM32MP131DAE7, STM32MP131DAF7, STM32MP131DAG7, STM32MP131FAE7, STM32MP131FAF7, STM32MP131FAG7, STM32MP133AAE3, STM32MP133AAF3, STM32MP133AAG3, STM32MP133CAE3, STM32MP133CAF3, STM32MP133CAG3, STM32MP133DAE7, STM32MP133DAF7, STM32MP133DAG7, STM32MP133FAE7, STM32MP133FAF7, STM32MP133FAG7, STM32MP135AAE3, STM32MP135AAF3, STM32MP135AAG3, STM32MP135CAE3, STM32MP135CAF3, STM32MP135CAG3, STM32MP135DAE7, STM32MP135DAF7, STM32MP135DAG7, STM32MP135F-DK, STM32MP135FAE7, STM32MP135FAF7, STM32MP135FAF7T, STM32MP135FAF7U, STM32MP135FAG7, STM32U535CBT6, STM32U535CBT6Q, STM32U535CBU6, STM32U535CBU6Q, STM32U535CCT6, STM32U535CCT6Q, STM32U535CCU6, STM32U535CCU6Q, STM32U535CET6, STM32U535CET6Q, STM32U535CEU6, STM32U535CEU6Q, STM32U535JEY6QTR, STM32U535NCY6QTR, STM32U535NEY6QTR, STM32U535RBI6, STM32U535RBI6Q, STM32U535RBT6, STM32U535RBT6Q, STM32U535RCI6, STM32U535RCI6Q, STM32U535RCT6, STM32U535RCT6Q, STM32U535REI6, STM32U535REI6Q, STM32U535RET6, STM32U535RET6Q, STM32U535VCI6, STM32U535VCI6Q, STM32U535VCT6, STM32U535VCT6Q, STM32U535VEI6, STM32U535VEI6Q, STM32U535VET6, STM32U535VET6Q, STM32U545CET6, STM32U545CET6Q, STM32U545CEU6, STM32U545CEU6Q, STM32U545JEY6QTR, STM32U545NEY6QTR, STM32U545REI6, STM32U545REI6Q, STM32U545RET6, STM32U545RET6Q, STM32U545VEI6, STM32U545VEI6Q, STM32U545VET6, STM32U545VET6Q, STM32U595AIH6, STM32U595AIH6Q, STM32U595AJH6, STM32U595AJH6Q, STM32U595QII6, STM32U595QII6Q, STM32U595QJI6, STM32U595QJI6Q, STM32U595RIT6, STM32U595RIT6Q, STM32U595RJT6, STM32U595RJT6Q, STM32U595VIT6, STM32U595VIT6Q, STM32U595VJT6, STM32U595VJT6Q, STM32U595ZIT6, STM32U595ZIT6Q, STM32U595ZIY6QTR, STM32U595ZJT6, STM32U595ZJT6Q, STM32U595ZJY6QTR, STM32U599BJY6QTR, STM32U599NIH6Q, STM32U599NJH6Q, STM32U599VIT6Q, STM32U599VJT6, STM32U599VJT6Q, STM32U599ZIT6Q, STM32U599ZIY6QTR, STM32U599ZJT6Q, STM32U599ZJY6QTR, STM32U5A5AJH6, STM32U5A5AJH6Q, STM32U5A5QJI6, STM32U5A5QJI6Q, STM32U5A5RJT6, STM32U5A5RJT6Q, STM32U5A5VJT6, STM32U5A5VJT6Q, STM32U5A5ZJT6, STM32U5A5ZJT6Q, STM32U5A5ZJY6QTR, STM32U5A9BJY6QTR, STM32U5A9J-DK, STM32U5A9NJH6Q, STM32U5A9VJT6Q, STM32U5A9ZJT6Q, STM32U5A9ZJY6QTR, STM32WB1MMCH6, STM32WBA52CEU6, STM32WBA52CEU6T, STM32WBA52CGU6, STM32WBA52CGU6T, STM32WL5MOCH6, STM32WL5MOCH6TR]
2026-01-16 12:28:01,711 [INFO] BoardInfo:880 - No configuration file found for board B-WBA5M-WPAN
2026-01-16 12:28:01,711 [INFO] DbBoards:157 - Board is not supported: B-WBA5M-WPAN
2026-01-16 12:28:01,716 [INFO] BoardInfo:880 - No configuration file found for board NUCLEO-C051C8
2026-01-16 12:28:01,716 [INFO] DbBoards:157 - Board is not supported: NUCLEO-C051C8
2026-01-16 12:28:01,716 [INFO] BoardInfo:880 - No configuration file found for board NUCLEO-C071RB
2026-01-16 12:28:01,716 [INFO] DbBoards:157 - Board is not supported: NUCLEO-C071RB
2026-01-16 12:28:01,728 [INFO] BoardInfo:880 - No configuration file found for board NUCLEO-C092RC
2026-01-16 12:28:01,728 [INFO] DbBoards:157 - Board is not supported: NUCLEO-C092RC
2026-01-16 12:28:01,835 [INFO] BoardInfo:880 - No configuration file found for board NUCLEO-H533RE
2026-01-16 12:28:01,835 [INFO] DbBoards:157 - Board is not supported: NUCLEO-H533RE
2026-01-16 12:28:01,861 [INFO] BoardInfo:880 - No configuration file found for board NUCLEO-H7S3L8
2026-01-16 12:28:01,861 [INFO] DbBoards:157 - Board is not supported: NUCLEO-H7S3L8
2026-01-16 12:28:01,922 [INFO] BoardInfo:880 - No configuration file found for board NUCLEO-N657X0-Q
2026-01-16 12:28:01,922 [INFO] DbBoards:157 - Board is not supported: NUCLEO-N657X0-Q
2026-01-16 12:28:01,924 [INFO] BoardInfo:880 - No configuration file found for board NUCLEO-U031R8
2026-01-16 12:28:01,928 [INFO] DbBoards:157 - Board is not supported: NUCLEO-U031R8
2026-01-16 12:28:01,932 [INFO] BoardInfo:880 - No configuration file found for board NUCLEO-U083RC
2026-01-16 12:28:01,932 [INFO] DbBoards:157 - Board is not supported: NUCLEO-U083RC
2026-01-16 12:28:01,934 [INFO] BoardInfo:880 - No configuration file found for board NUCLEO-U385RG-Q
2026-01-16 12:28:01,934 [INFO] DbBoards:157 - Board is not supported: NUCLEO-U385RG-Q
2026-01-16 12:28:01,944 [INFO] BoardInfo:880 - No configuration file found for board NUCLEO-WB05KZ
2026-01-16 12:28:01,944 [INFO] DbBoards:157 - Board is not supported: NUCLEO-WB05KZ
2026-01-16 12:28:01,946 [INFO] BoardInfo:880 - No configuration file found for board NUCLEO-WB07CC
2026-01-16 12:28:01,948 [INFO] DbBoards:157 - Board is not supported: NUCLEO-WB07CC
2026-01-16 12:28:01,950 [INFO] BoardInfo:880 - No configuration file found for board NUCLEO-WB09KE
2026-01-16 12:28:01,950 [INFO] DbBoards:157 - Board is not supported: NUCLEO-WB09KE
2026-01-16 12:28:01,960 [INFO] BoardInfo:880 - No configuration file found for board NUCLEO-WBA55CG
2026-01-16 12:28:01,960 [INFO] DbBoards:157 - Board is not supported: NUCLEO-WBA55CG
2026-01-16 12:28:01,966 [INFO] BoardInfo:880 - No configuration file found for board NUCLEO-WBA65RI
2026-01-16 12:28:01,966 [INFO] DbBoards:157 - Board is not supported: NUCLEO-WBA65RI
2026-01-16 12:28:01,970 [INFO] BoardInfo:880 - No configuration file found for board NUCLEO-WL33CC1
2026-01-16 12:28:01,970 [INFO] DbBoards:157 - Board is not supported: NUCLEO-WL33CC1
2026-01-16 12:28:01,972 [INFO] BoardInfo:880 - No configuration file found for board NUCLEO-WL33CC2
2026-01-16 12:28:01,972 [INFO] DbBoards:157 - Board is not supported: NUCLEO-WL33CC2
2026-01-16 12:28:01,984 [INFO] BoardInfo:880 - No configuration file found for board P-NUCLEO-WB55
2026-01-16 12:28:01,985 [INFO] DbBoards:157 - Kit is not supported: P-NUCLEO-WB55
2026-01-16 12:28:02,023 [INFO] BoardInfo:880 - No configuration file found for board STEVAL-BFA001V1B
2026-01-16 12:28:02,023 [INFO] DbBoards:157 - Kit is not supported: STEVAL-BFA001V1B
2026-01-16 12:28:02,033 [INFO] BoardInfo:880 - No configuration file found for board STEVAL-BFA001V2B
2026-01-16 12:28:02,033 [INFO] DbBoards:157 - Kit is not supported: STEVAL-BFA001V2B
2026-01-16 12:28:02,045 [INFO] BoardInfo:880 - No configuration file found for board STEVAL-MKBOXPRO
2026-01-16 12:28:02,045 [INFO] DbBoards:157 - Board is not supported: STEVAL-MKBOXPRO
2026-01-16 12:28:02,053 [INFO] BoardInfo:880 - No configuration file found for board STEVAL-SMARTAG2
2026-01-16 12:28:02,053 [INFO] DbBoards:157 - Board is not supported: STEVAL-SMARTAG2
2026-01-16 12:28:02,253 [INFO] BoardInfo:880 - No configuration file found for board STM32H7S78-DK
2026-01-16 12:28:02,253 [INFO] DbBoards:157 - Board is not supported: STM32H7S78-DK
2026-01-16 12:28:02,298 [INFO] BoardInfo:880 - No configuration file found for board STM32MP257F-DK
2026-01-16 12:28:02,298 [INFO] DbBoards:157 - Board is not supported: STM32MP257F-DK
2026-01-16 12:28:02,300 [INFO] BoardInfo:880 - No configuration file found for board STM32MP257F-EV1
2026-01-16 12:28:02,302 [INFO] DbBoards:157 - Board is not supported: STM32MP257F-EV1
2026-01-16 12:28:02,304 [INFO] BoardInfo:880 - No configuration file found for board STM32N6570-DK
2026-01-16 12:28:02,304 [INFO] DbBoards:157 - Board is not supported: STM32N6570-DK
2026-01-16 12:28:02,306 [INFO] BoardInfo:880 - No configuration file found for board STM32U083C-DK
2026-01-16 12:28:02,306 [INFO] DbBoards:157 - Board is not supported: STM32U083C-DK
2026-01-16 12:28:02,312 [INFO] BoardInfo:880 - No configuration file found for board STM32U5G9J-DK1
2026-01-16 12:28:02,312 [INFO] DbBoards:157 - Board is not supported: STM32U5G9J-DK1
2026-01-16 12:28:02,316 [INFO] BoardInfo:880 - No configuration file found for board STM32U5G9J-DK2
2026-01-16 12:28:02,316 [INFO] DbBoards:157 - Board is not supported: STM32U5G9J-DK2
2026-01-16 12:28:02,322 [INFO] BoardInfo:880 - No configuration file found for board STM32WBA55G-DK1
2026-01-16 12:28:02,322 [INFO] DbBoards:157 - Board is not supported: STM32WBA55G-DK1
2026-01-16 12:28:02,326 [INFO] BoardInfo:880 - No configuration file found for board STM32WBA65I-DK1
2026-01-16 12:28:02,326 [INFO] DbBoards:157 - Board is not supported: STM32WBA65I-DK1
2026-01-16 12:28:02,326 [INFO] DbBoards:161 - Found 211 boards, 180 are supported
2026-01-16 12:28:02,330 [INFO] ApiDb:414 - User favorites file not found: C:\Users\hj.abijuru/.stm32cubeide/favorites.boards.txt
2026-01-16 12:28:02,330 [INFO] DbBoards:190 - Set 0 / 0 favorites Boards
2026-01-16 12:28:02,336 [INFO] ApiDb:668 - CubeFinder database Data Model version=2.1
2026-01-16 12:28:02,336 [INFO] ApiDb:669 - CubeFinder database Configuration version=3.0.39
2026-01-16 12:28:02,336 [INFO] ApiDb:670 - CubeFinder database generation date=2025-12-22 (1766407740)
2026-01-16 12:28:02,336 [INFO] ApiDb:671 - CubeFinder database FW Pack versions=[FP-ATR-ASTRA1_V2.0.0, FP-SNS-FLIGHT1_V5.1.0, FP-SNS-MOTENV1_V5.1.0, FP-SNS-MOTENVWB1_V1.4.0, FP-SNS-SMARTAG2_V1.2.0, FP-SNS-STBOX1_V2.1.0, STM32Cube_FW_C0_V1.4.0, STM32Cube_FW_F4_V1.28.3, STM32Cube_FW_F7_V1.17.4, STM32Cube_FW_G0_V1.6.2, STM32Cube_FW_G4_V1.6.1, STM32Cube_FW_H5_V1.5.1, STM32Cube_FW_H7RS_V1.3.0, STM32Cube_FW_H7_V1.12.1, STM32Cube_FW_L0_V1.12.2, STM32Cube_FW_L4_V1.18.1, STM32Cube_FW_L5_V1.6.0, STM32Cube_FW_N6_V1.3.0, STM32Cube_FW_U0_V1.3.0, STM32Cube_FW_U3_V1.2.1, STM32Cube_FW_U5_V1.8.0, STM32Cube_FW_WB0_V1.4.0, STM32Cube_FW_WBA_V1.8.0, STM32Cube_FW_WB_V1.24.0, STM32Cube_FW_WL3_V1.3.0, STM32Cube_FW_WL_V1.4.0, X-CUBE-ALGOBUILD_V1.4.0, X-CUBE-ALS_V1.0.2, X-CUBE-AZRTOS-F4_V1.1.0, X-CUBE-AZRTOS-F7_V1.1.0, X-CUBE-AZRTOS-G0_V1.1.0, X-CUBE-AZRTOS-G4_V2.0.0, X-CUBE-AZRTOS-H7RS_V1.1.0, X-CUBE-AZRTOS-H7_V3.4.0, X-CUBE-AZRTOS-L4_V2.0.0, X-CUBE-AZRTOS-L5_V2.0.0, X-CUBE-AZRTOS-WB_V2.0.0, X-CUBE-AZRTOS-WL_V2.0.0, X-CUBE-BLE1_V7.1.0, X-CUBE-BLE2_V3.3.0, X-CUBE-BLEMGR_V4.1.0, X-CUBE-EEPRMA1_V5.2.0, X-CUBE-FREERTOS_V1.3.1, X-CUBE-GNSS1_V6.0.0, X-CUBE-MEMS1_V12.0.0, X-CUBE-NFC4_V3.0.0, X-CUBE-NFC7_V2.0.0, X-CUBE-SFXS2LP1_V4.0.0, X-CUBE-ST67W61_V1.1.0, X-CUBE-SUBG2_V5.0.0, X-CUBE-TOF1_V3.4.3]
2026-01-16 12:28:03,683 [ERROR] DbExamplesSqlite:418 - Missing JSON key: board_cpn
2026-01-16 12:28:03,683 [ERROR] DbExamplesSqlite:418 - Missing JSON key: board_cpn
2026-01-16 12:28:03,683 [ERROR] DbExamplesSqlite:418 - Missing JSON key: board_cpn
2026-01-16 12:28:03,685 [ERROR] DbExamplesSqlite:418 - Missing JSON key: board_cpn
2026-01-16 12:28:04,292 [ERROR] DbExamplesSqlite:418 - Missing JSON key: board_cpn
2026-01-16 12:28:04,292 [ERROR] DbExamplesSqlite:418 - Missing JSON key: board_cpn
2026-01-16 12:28:04,319 [INFO] DbExamplesSqlite:376 - Ignored 42 examples not supported by CubeIDE
2026-01-16 12:28:04,321 [INFO] DbExamplesSqlite:377 - Found 10819 examples active
2026-01-16 12:28:04,321 [INFO] DbExamplesSqlite:378 - Found 0 examples obsolete
2026-01-16 12:28:04,321 [INFO] DbExamplesSqlite:379 - Found 0 examples under development
2026-01-16 12:28:04,321 [INFO] DbExamplesSqlite:380 - Found 85 examples not building
2026-01-16 12:28:04,325 [INFO] DbExamples:125 - Found 10862 examples
2026-01-16 12:28:04,416 [ERROR] DbExamples:208 - Found 73 examples with invalid data (board or MCU)
2026-01-16 12:28:04,416 [INFO] DbExamples:222 - Found 134 boards with related examples
2026-01-16 12:28:04,418 [INFO] DbExamples:235 - Found 111 MCUs with related examples
2026-01-16 12:28:04,469 [INFO] ApiDb:414 - User favorites file not found: C:\Users\hj.abijuru/.stm32cubeide/favorites.examples.txt
2026-01-16 12:28:04,471 [INFO] DbExamples:250 - Set 0 / 0 favorites Examples
2026-01-16 12:28:04,921 [INFO] McuFinderGlobals:66 - Set McuFinderConnectedMode to true
2026-01-16 12:28:04,934 [INFO] MultiScanPanel:200 - Auto-refresh data requested => check proxy status ongoing
2026-01-16 12:28:04,940 [INFO] FinderPluginLoader:95 - Searching for filters in installed packs
2026-01-16 12:28:07,349 [INFO] LoadUrlFilesThread:185 - End of LoadServerUrlFiles without Thread
2026-01-16 12:28:07,429 [INFO] DetailPanel:341 - Set advertising image to C:/Users/hj.abijuru/STM32Cube/Repository/\en.prom-stm32mp21-0126.png
2026-01-16 12:28:14,519 [INFO] MultiScanPanel:200 - Auto-refresh data requested => check proxy status ongoing
2026-01-16 12:28:14,737 [INFO] LoadUrlFilesThread:185 - End of LoadServerUrlFiles without Thread
2026-01-16 12:28:14,737 [INFO] DetailPanel:341 - Set advertising image to C:/Users/hj.abijuru/STM32Cube/Repository/\en.prom-stm32mp21-0126.png
2026-01-16 12:29:11,296 [INFO] MainUpdater:2854 - connection check result : 10
2026-01-16 12:29:11,296 [INFO] MainUpdater:2854 - connection check result : 10
2026-01-16 12:29:11,327 [INFO] MicroXplorer:468 - Change Database Path : 
2026-01-16 12:29:11,327 [INFO] MicroXplorer:498 - Change Database Version : DB.6.0.81
2026-01-16 12:29:11,327 [WARN] ThirdParty:871 - waiting for thirdparty lock release [close project]
2026-01-16 12:29:11,327 [INFO] ThirdParty:873 - entering critical section [close project]
2026-01-16 12:29:11,337 [INFO] ThirdParty:883 - exiting critical section [close project]
2026-01-16 12:29:11,343 [INFO] PinOutPanel:1499 - setPackage(No Configuration,No Configuration)
2026-01-16 12:29:11,343 [INFO] UtilMem:75 - Begin LoadConfig() Used Memory: 780054888 Bytes (849346560)
2026-01-16 12:29:11,359 [INFO] OpenFileManager:308 - Change cursor
2026-01-16 12:29:11,396 [INFO] ProjectFactory:402 - No CPN specified for board NUCLEO-F446RE => set CPN to STM32F446RET6
2026-01-16 12:29:11,396 [INFO] Mcu:1937 - Initializing MCU STM32F446R(C-E)Tx STM32F446RETx STM32F446RET6
2026-01-16 12:29:13,460 [INFO] Context:659 - Trying to add GPIOservice into a context  which must be forbidden
2026-01-16 12:29:14,076 [INFO] Rule:228 - rule 117617 - U5Cobra4M][GTZC] default value MPCBB3 and MPCBB5 - Not Secured memory - MPCBB1 is applicable
2026-01-16 12:29:14,076 [INFO] Rule:228 - rule 117617 - U5Cobra4M][GTZC] default value MPCBB3 and MPCBB5 - Not Secured memory - MPCBB1 is applicable
2026-01-16 12:29:14,076 [INFO] Rule:228 - rule 117617 - U5Cobra4M][GTZC] default value MPCBB3 and MPCBB5 - Not Secured memory - MPCBB2 is applicable
2026-01-16 12:29:14,076 [INFO] Rule:228 - rule 117617 - U5Cobra4M][GTZC] default value MPCBB3 and MPCBB5 - Not Secured memory - MPCBB2 is applicable
2026-01-16 12:29:14,076 [INFO] Rule:228 - rule 117617 - U5Cobra4M][GTZC] default value MPCBB3 and MPCBB5 - Not Secured memory - MPCBB3 is applicable
2026-01-16 12:29:14,076 [INFO] Rule:228 - rule 117617 - U5Cobra4M][GTZC] default value MPCBB3 and MPCBB5 - Not Secured memory - MPCBB3 is applicable
2026-01-16 12:29:14,076 [INFO] Rule:228 - rule 117617 - U5Cobra4M][GTZC] default value MPCBB3 and MPCBB5 - Not Secured memory - MPCBB4 is applicable
2026-01-16 12:29:14,076 [INFO] Rule:228 - rule 117617 - U5Cobra4M][GTZC] default value MPCBB3 and MPCBB5 - Not Secured memory - MPCBB4 is applicable
2026-01-16 12:29:14,076 [INFO] Rule:228 - rule 117617 - U5Cobra4M][GTZC] default value MPCBB3 and MPCBB5 - Secured memory - MPCBB1 is applicable
2026-01-16 12:29:14,076 [INFO] Rule:228 - rule 117617 - U5Cobra4M][GTZC] default value MPCBB3 and MPCBB5 - Secured memory - MPCBB2 is applicable
2026-01-16 12:29:14,076 [INFO] Rule:228 - rule 117617 - U5Cobra4M][GTZC] default value MPCBB3 and MPCBB5 - Secured memory - MPCBB3 is applicable
2026-01-16 12:29:14,076 [INFO] Rule:228 - rule 117617 - U5Cobra4M][GTZC] default value MPCBB3 and MPCBB5 - Secured memory - MPCBB4 is applicable
2026-01-16 12:29:14,076 [INFO] Rule:228 - rule 117617 - U5Cobra4M][GTZC] default value MPCBB3 and MPCBB5 - Privileged memory - MPCBB1 is applicable
2026-01-16 12:29:14,076 [INFO] Rule:228 - rule 117617 - U5Cobra4M][GTZC] default value MPCBB3 and MPCBB5 - Privileged memory - MPCBB2 is applicable
2026-01-16 12:29:14,076 [INFO] Rule:228 - rule 117617 - U5Cobra4M][GTZC] default value MPCBB3 and MPCBB5 - Privileged memory - MPCBB3 is applicable
2026-01-16 12:29:14,076 [INFO] Rule:228 - rule 117617 - U5Cobra4M][GTZC] default value MPCBB3 and MPCBB5 - Privileged memory - MPCBB4 is applicable
2026-01-16 12:29:14,076 [INFO] Rule:228 - rule 117617 - U5Cobra4M][GTZC] default value MPCBB3 and MPCBB5 - Not Privileged memory - MPCBB1 is applicable
2026-01-16 12:29:14,076 [INFO] Rule:228 - rule 117617 - U5Cobra4M][GTZC] default value MPCBB3 and MPCBB5 - Not Privileged memory - MPCBB2 is applicable
2026-01-16 12:29:14,076 [INFO] Rule:228 - rule 117617 - U5Cobra4M][GTZC] default value MPCBB3 and MPCBB5 - Not Privileged memory - MPCBB3 is applicable
2026-01-16 12:29:14,076 [INFO] Rule:228 - rule 117617 - U5Cobra4M][GTZC] default value MPCBB3 and MPCBB5 - Not Privileged memory - MPCBB4 is applicable
2026-01-16 12:29:14,076 [INFO] Rule:228 - rule 117617 - U5Cobra4M][GTZC] default value MPCBB3 and MPCBB5 - Privileged memory - MPCBB1 is applicable
2026-01-16 12:29:14,076 [INFO] Rule:228 - rule 117617 - U5Cobra4M][GTZC] default value MPCBB3 and MPCBB5 - Privileged memory - MPCBB2 is applicable
2026-01-16 12:29:14,076 [INFO] Rule:228 - rule 117617 - U5Cobra4M][GTZC] default value MPCBB3 and MPCBB5 - Privileged memory - MPCBB3 is applicable
2026-01-16 12:29:14,076 [INFO] Rule:228 - rule 117617 - U5Cobra4M][GTZC] default value MPCBB3 and MPCBB5 - Privileged memory - MPCBB4 is applicable
2026-01-16 12:29:14,076 [INFO] Rule:228 - rule 117617 - U5Cobra4M][GTZC] default value MPCBB3 and MPCBB5 - Privileged memory - MPCBB1 is applicable
2026-01-16 12:29:14,076 [INFO] Rule:228 - rule 117617 - U5Cobra4M][GTZC] default value MPCBB3 and MPCBB5 - Privileged memory - MPCBB2 is applicable
2026-01-16 12:29:14,076 [INFO] Rule:228 - rule 117617 - U5Cobra4M][GTZC] default value MPCBB3 and MPCBB5 - Privileged memory - MPCBB3 is applicable
2026-01-16 12:29:14,076 [INFO] Rule:228 - rule 117617 - U5Cobra4M][GTZC] default value MPCBB3 and MPCBB5 - Privileged memory - MPCBB4 is applicable
2026-01-16 12:29:14,076 [INFO] Rule:228 - rule 117617 - U5Cobra4M][GTZC] default value MPCBB3 and MPCBB5 - Not Privileged memory - MPCBB1 is applicable
2026-01-16 12:29:14,076 [INFO] Rule:228 - rule 117617 - U5Cobra4M][GTZC] default value MPCBB3 and MPCBB5 - Not Privileged memory - MPCBB2 is applicable
2026-01-16 12:29:14,076 [INFO] Rule:228 - rule 117617 - U5Cobra4M][GTZC] default value MPCBB3 and MPCBB5 - Not Privileged memory - MPCBB3 is applicable
2026-01-16 12:29:14,076 [INFO] Rule:228 - rule 117617 - U5Cobra4M][GTZC] default value MPCBB3 and MPCBB5 - Not Privileged memory - MPCBB4 is applicable
2026-01-16 12:29:14,076 [INFO] Rule:228 - rule 117617 - U5Cobra4M][GTZC] default value MPCBB3 and MPCBB5 - Privileged memory - MPCBB1 is applicable
2026-01-16 12:29:14,076 [INFO] Rule:228 - rule 117617 - U5Cobra4M][GTZC] default value MPCBB3 and MPCBB5 - Privileged memory - MPCBB2 is applicable
2026-01-16 12:29:14,076 [INFO] Rule:228 - rule 117617 - U5Cobra4M][GTZC] default value MPCBB3 and MPCBB5 - Privileged memory - MPCBB3 is applicable
2026-01-16 12:29:14,076 [INFO] Rule:228 - rule 117617 - U5Cobra4M][GTZC] default value MPCBB3 and MPCBB5 - Privileged memory - MPCBB4 is applicable
2026-01-16 12:29:14,076 [INFO] Rule:228 - rule Rename SubGHz_Phy SUBGHZ_APPLICATION SUBGHZ_PINGPONG to SUBGHZ_ADV_APPLICATION is applicable
2026-01-16 12:29:14,076 [INFO] Rule:228 - rule Rename Enabled to IBEACON is applicable
2026-01-16 12:29:14,076 [INFO] Rule:228 - rule GTZC_S instance for project manager is applicable
2026-01-16 12:29:14,076 [INFO] Rule:228 - rule GTZC_S instance for context M33S is applicable
2026-01-16 12:29:14,076 [INFO] Rule:228 - rule GTZC_S instance value for IP GTZC is applicable
2026-01-16 12:29:14,076 [INFO] Rule:228 - rule GTZC_S instance for mcu.IP is applicable
2026-01-16 12:29:14,076 [INFO] Rule:228 - rule GTZC_S instance for VP is applicable
2026-01-16 12:29:14,076 [INFO] Rule:228 - rule GTZC_S instance for signal is applicable
2026-01-16 12:29:14,076 [INFO] Rule:228 - rule GTZC_S instance for mcu.Pin is applicable
2026-01-16 12:29:14,076 [INFO] Rule:228 - rule GTZC_S instance for VP is applicable
2026-01-16 12:29:14,076 [INFO] Rule:228 - rule GTZC_S instance for signal is applicable
2026-01-16 12:29:14,076 [INFO] Rule:228 - rule GTZC_S instance for mcu is applicable
2026-01-16 12:29:14,076 [INFO] Rule:228 - rule GTZC_S instance for mcu.Pin is applicable
2026-01-16 12:29:14,076 [INFO] Rule:228 - rule GTZC_S instance value for IP GTZC is applicable
2026-01-16 12:29:14,076 [INFO] Rule:228 - rule GTZC_S instance for project manager is applicable
2026-01-16 12:29:14,076 [INFO] Rule:228 - rule GTZC_S instance for context M33S is applicable
2026-01-16 12:29:14,076 [INFO] Rule:228 - rule GTZC_S instance for VP is applicable
2026-01-16 12:29:14,076 [INFO] Rule:228 - rule GTZC_S instance for signal is applicable
2026-01-16 12:29:14,076 [INFO] Rule:228 - rule SPDIFRX instance for mcu is applicable
2026-01-16 12:29:14,076 [INFO] Rule:228 - rule Rename Tracer Mode is applicable
2026-01-16 12:29:14,076 [INFO] Rule:228 - rule SPDIFRX instance value for IP SPDIFRX is applicable
2026-01-16 12:29:14,076 [INFO] Rule:228 - rule SPDIFRX instance for signal is applicable
2026-01-16 12:29:14,076 [INFO] Rule:228 - rule SPDIFRX instance for project manager is applicable
2026-01-16 12:29:14,076 [INFO] Rule:228 - rule SPDIFRX instance for project manager is applicable
2026-01-16 12:29:14,076 [INFO] Rule:228 - rule ADC Scan  fix with FW F7 is applicable
2026-01-16 12:29:14,076 [INFO] Rule:228 - rule ADC Scan  fix with FW F7 is applicable
2026-01-16 12:29:14,076 [INFO] Rule:228 - rule DFSDM instance value for IP DFSDM is applicable
2026-01-16 12:29:14,076 [INFO] Rule:228 - rule DFSDM instance for mcu is applicable
2026-01-16 12:29:14,076 [INFO] Rule:228 - rule DFSDM instance for VP is applicable
2026-01-16 12:29:14,076 [INFO] Rule:228 - rule DFSDM instance for signal is applicable
2026-01-16 12:29:14,076 [INFO] Rule:228 - rule DFSDM instance for shared is applicable
2026-01-16 12:29:14,076 [INFO] Rule:228 - rule BreakInputSource parameter for IP Timer is applicable
2026-01-16 12:29:14,076 [INFO] Rule:228 - rule Sourcebreak parameter for IP Timer is applicable
2026-01-16 12:29:14,076 [INFO] Rule:228 - rule Sourcebreak parameter for IP Timer is applicable
2026-01-16 12:29:14,076 [INFO] Rule:228 - rule DFSDM for PCC is applicable
2026-01-16 12:29:14,076 [INFO] Rule:228 - rule Serial_Wire Mode is applicable
2026-01-16 12:29:14,076 [INFO] Rule:228 - rule JTAG_4_pins Mode is applicable
2026-01-16 12:29:14,076 [INFO] Rule:228 - rule JTAG_5_pins Mode is applicable
2026-01-16 12:29:14,076 [INFO] Rule:228 - rule Trace_Asynchronous_SW Mode is applicable
2026-01-16 12:29:14,076 [INFO] Rule:228 - rule Trace_Synchro_1bit_JTAG Mode is applicable
2026-01-16 12:29:14,076 [INFO] Rule:228 - rule Trace_Synchro_2bits_JTAG Mode is applicable
2026-01-16 12:29:14,083 [INFO] Rule:228 - rule Trace_Synchro_4bits_JTAG Mode is applicable
2026-01-16 12:29:14,083 [INFO] Rule:228 - rule Trace_Synchro_1bit_SW Mode is applicable
2026-01-16 12:29:14,083 [INFO] Rule:228 - rule Trace_Synchro_2bits_SW Mode is applicable
2026-01-16 12:29:14,083 [INFO] Rule:228 - rule Trace_Synchro_4bits_SW Mode is applicable
2026-01-16 12:29:14,083 [INFO] Rule:228 - rule SYS_WakeUp0 Mode is applicable
2026-01-16 12:29:14,083 [INFO] Rule:228 - rule SYS_WakeUp0 Mode for STM32F446 is applicable
2026-01-16 12:29:14,083 [INFO] Rule:228 - rule SYS_WakeUp1 Mode is applicable
2026-01-16 12:29:14,083 [INFO] Rule:228 - rule SYS_WakeUp1 Mode for STM32F446 is applicable
2026-01-16 12:29:14,083 [INFO] Rule:228 - rule SYS_WakeUp2 Mode is applicable
2026-01-16 12:29:14,083 [INFO] Rule:228 - rule SYS_WakeUp3 Mode is applicable
2026-01-16 12:29:14,083 [INFO] Rule:228 - rule SYS_WakeUp4 Mode is applicable
2026-01-16 12:29:14,083 [INFO] Rule:228 - rule SYS_WakeUp5 Mode is applicable
2026-01-16 12:29:14,083 [INFO] Rule:228 - rule SYS_WakeUp6 Mode is applicable
2026-01-16 12:29:14,083 [INFO] Rule:228 - rule SYS_WakeUp7 Mode is applicable
2026-01-16 12:29:14,083 [INFO] Rule:228 - rule WakeUp0 Mode is applicable
2026-01-16 12:29:14,083 [INFO] Rule:228 - rule WakeUp0 SIGNAL is applicable
2026-01-16 12:29:14,083 [INFO] Rule:228 - rule WakeUp1 Mode is applicable
2026-01-16 12:29:14,083 [INFO] Rule:228 - rule WakeUp1 SIGNAL is applicable
2026-01-16 12:29:14,083 [INFO] Rule:228 - rule WakeUp2 Mode is applicable
2026-01-16 12:29:14,083 [INFO] Rule:228 - rule WakeUp2 SIGNAL is applicable
2026-01-16 12:29:14,083 [INFO] Rule:228 - rule WakeUp4 Mode is applicable
2026-01-16 12:29:14,083 [INFO] Rule:228 - rule WakeUp4 SIGNAL is applicable
2026-01-16 12:29:14,083 [INFO] Rule:228 - rule WakeUp5 Mode is applicable
2026-01-16 12:29:14,083 [INFO] Rule:228 - rule WakeUp5 SIGNAL is applicable
2026-01-16 12:29:14,083 [INFO] Rule:228 - rule Mode_PVD_Ext is applicable
2026-01-16 12:29:14,083 [INFO] Rule:228 - rule Mode_PVD_Int is applicable
2026-01-16 12:29:14,083 [INFO] Rule:228 - rule Add RTC Activate Clock Source is applicable
2026-01-16 12:29:14,083 [INFO] Rule:228 - rule Add RTC Activate Calendar 1 is applicable
2026-01-16 12:29:14,083 [INFO] Rule:228 - rule Add RTC Activate Calendar 2 is applicable
2026-01-16 12:29:14,083 [INFO] Rule:228 - rule Add RTC Activate Calendar 3 is applicable
2026-01-16 12:29:14,083 [INFO] Rule:228 - rule UART/USART TX Mode is applicable
2026-01-16 12:29:14,083 [INFO] Rule:228 - rule UART/USART RX Mode is applicable
2026-01-16 12:29:14,083 [INFO] Rule:228 - rule UART/USART RX TX Mode is applicable
2026-01-16 12:29:14,083 [INFO] Rule:228 - rule UART/USART PARITY NONE is applicable
2026-01-16 12:29:14,083 [INFO] Rule:228 - rule UART/USART PARITY EVEN is applicable
2026-01-16 12:29:14,083 [INFO] Rule:228 - rule UART/USART PARITY ODD is applicable
2026-01-16 12:29:14,083 [INFO] Rule:228 - rule USART StopBits 1 is applicable
2026-01-16 12:29:14,083 [INFO] Rule:228 - rule USART StopBits 2 is applicable
2026-01-16 12:29:14,083 [INFO] Rule:228 - rule USART StopBits 1.5 is applicable
2026-01-16 12:29:14,083 [INFO] Rule:228 - rule USART StopBits 0.5 is applicable
2026-01-16 12:29:14,083 [INFO] Rule:228 - rule UART/USART WORD LENGTH 7 is applicable
2026-01-16 12:29:14,083 [INFO] Rule:228 - rule UART/USART WORD LENGTH 8 is applicable
2026-01-16 12:29:14,083 [INFO] Rule:228 - rule UART/USART WORD LENGTH 9 is applicable
2026-01-16 12:29:14,083 [INFO] Rule:228 - rule Rename FMC NAND NCE signal is applicable
2026-01-16 12:29:14,083 [INFO] Rule:228 - rule Rename FMC NAND INT signal is applicable
2026-01-16 12:29:14,083 [INFO] Rule:228 - rule Change Default Value for LSE Drive Capability for WB family is applicable
2026-01-16 12:29:14,083 [INFO] Rule:228 - rule Change Default Value for ADC Clock Prescaler G0 family is applicable
2026-01-16 12:29:14,083 [INFO] Rule:228 - rule Change Default Value for ADC ExternalTrigConv L4 family is applicable
2026-01-16 12:29:14,083 [INFO] Rule:228 - rule Change Default Value for ADC ExternalTrigInjecConv L4 family is applicable
2026-01-16 12:29:14,083 [INFO] Rule:228 - rule Change Default Value for ADC ExternalTrigConv F3 family is applicable
2026-01-16 12:29:14,083 [INFO] Rule:228 - rule Change Default Value for ADC ExternalTrigInjecConv F3 family is applicable
2026-01-16 12:29:14,083 [INFO] Rule:228 - rule Change Default Value for ADC ExternalTrigConv Goldfish serie is applicable
2026-01-16 12:29:14,083 [INFO] Rule:228 - rule Change Default Value for ADC ExternalTrigInjecConv Goldfish serie is applicable
2026-01-16 12:29:14,083 [INFO] Rule:228 - rule Change Default Value for ADC ExternalTrigConv L0 family is applicable
2026-01-16 12:29:14,083 [INFO] Rule:228 - rule Change Default Value for ADC ExternalTrigConv F0 family is applicable
2026-01-16 12:29:14,083 [INFO] Rule:228 - rule Change Default Value for ADC ExternalTrigConvn L1 family is applicable
2026-01-16 12:29:14,083 [INFO] Rule:228 - rule Change Default Value for ADC ExternalTrigInjecConv L1 family is applicable
2026-01-16 12:29:14,083 [INFO] Rule:228 - rule Change Default Value for ADC ExternalTrigConv F1 family is applicable
2026-01-16 12:29:14,083 [INFO] Rule:228 - rule Change Default Value for ADC ExternalTrigInjecConv F1 family is applicable
2026-01-16 12:29:14,083 [INFO] Rule:228 - rule Change Default Value for ADC ExternalTrigConv F7 family is applicable
2026-01-16 12:29:14,083 [INFO] Rule:228 - rule Change Default Value for ADC ExternalTrigInjecConv F7 family is applicable
2026-01-16 12:29:14,083 [INFO] Rule:228 - rule Change Default Value for ADC ExternalTrigConv F4 and F2 family is applicable
2026-01-16 12:29:14,083 [INFO] Rule:228 - rule Change Default Value for ADC ExternalTrigInjecConv F4 and F2 family is applicable
2026-01-16 12:29:14,088 [INFO] Rule:228 - rule ADC SamplingTime fix with FW L0  is applicable
2026-01-16 12:29:14,088 [INFO] Rule:228 - rule ADC SamplingTime fix with FW L0  is applicable
2026-01-16 12:29:14,088 [INFO] Rule:228 - rule ADC SamplingTime fix with FW L0 is applicable
2026-01-16 12:29:14,088 [INFO] Rule:228 - rule ADC SamplingTime fix with FW L0 is applicable
2026-01-16 12:29:14,088 [INFO] Rule:228 - rule ADC SamplingTime fix with FW L0  is applicable
2026-01-16 12:29:14,088 [INFO] Rule:228 - rule ADC SamplingTime fix with FW L0 is applicable
2026-01-16 12:29:14,088 [INFO] Rule:228 - rule Rename USB_OE Signal is applicable
2026-01-16 12:29:14,088 [INFO] Rule:228 - rule Rename Activate_OE Mode is applicable
2026-01-16 12:29:14,088 [INFO] Rule:228 - rule Rename DIE462/DIE415 pin PC14/OSC32_IN -> PC14-OSC32_IN (PC14) is applicable
2026-01-16 12:29:14,088 [INFO] Rule:228 - rule Rename DIE462/DIE415 pin PC15/OSC32_OUT -> PC15-OSC32_OUT (PC15) is applicable
2026-01-16 12:29:14,088 [INFO] Rule:228 - rule Rename DIE462/DIE415 pin PH0/OSC_IN -> PH0-OSC_IN (PH0) is applicable
2026-01-16 12:29:14,088 [INFO] Rule:228 - rule Rename DIE462/DIE415 pin PH1/OSC_OUT -> PH1-OSC_OUT (PH1) is applicable
2026-01-16 12:29:14,088 [INFO] Rule:228 - rule Rename DIE462 pin PA13 -> PA13 (JTMS/SWDIO) is applicable
2026-01-16 12:29:14,088 [INFO] Rule:228 - rule Rename DIE415 pin PA13 -> PA13 (JTMS/SWDIO) is applicable
2026-01-16 12:29:14,088 [INFO] Rule:228 - rule Rename DIE462 pin PA14 -> PA14 (JTCK/SWCLK) is applicable
2026-01-16 12:29:14,088 [INFO] Rule:228 - rule Rename DIE415 pin PA14 -> PA14 (JTCK/SWCLK) is applicable
2026-01-16 12:29:14,088 [INFO] Rule:228 - rule Rename DIE462/DIE415 pin PA15 -> PA15 (JTDI) is applicable
2026-01-16 12:29:14,088 [INFO] Rule:228 - rule Rename DIE462 pin PB3 -> PB3 (JTD0/TRACESWO) is applicable
2026-01-16 12:29:14,088 [INFO] Rule:228 - rule Rename DIE415 pin PB3 -> PB3 (JTD0-TRACESWO) is applicable
2026-01-16 12:29:14,088 [INFO] Rule:228 - rule Rename DIE462/DIE415 pin PB4 -> PB4 (NJTRST) is applicable
2026-01-16 12:29:14,088 [INFO] Rule:228 - rule Rename DIE462 pin PH3/BOOT0 -> PH3-BOOT0 (BOOT0) is applicable
2026-01-16 12:29:14,088 [INFO] Rule:228 - rule Rename CRYP DataEncryptionTypesList to Algorithm is applicable
2026-01-16 12:29:14,088 [INFO] Rule:228 - rule Rename AES DataEncryptionTypesList to Algorithm is applicable
2026-01-16 12:29:14,088 [INFO] Rule:228 - rule Rename TDESECB to CRYP_TDES_ECB is applicable
2026-01-16 12:29:14,088 [INFO] Rule:228 - rule Rename TDESCBC to CRYP_TDES_CBC is applicable
2026-01-16 12:29:14,088 [INFO] Rule:228 - rule Rename DESECB to CRYP_DES_ECB is applicable
2026-01-16 12:29:14,088 [INFO] Rule:228 - rule Rename DESCBC to CRYP_DES_CBC is applicable
2026-01-16 12:29:14,088 [INFO] Rule:228 - rule Rename AESECB to CRYP_AES_ECB is applicable
2026-01-16 12:29:14,088 [INFO] Rule:228 - rule Rename AESCBC to CRYP_AES_CBC is applicable
2026-01-16 12:29:14,088 [INFO] Rule:228 - rule Rename AESCTR to CRYP_AES_CTR is applicable
2026-01-16 12:29:14,092 [INFO] Rule:228 - rule Rename AESGCM to CRYP_AES_GCM is applicable
2026-01-16 12:29:14,092 [INFO] Rule:228 - rule Rename AESCCM to CRYP_AES_CCM is applicable
2026-01-16 12:29:14,092 [INFO] Rule:228 - rule Rename CAN TimeSeg1 to BS1 is applicable
2026-01-16 12:29:14,092 [INFO] Rule:228 - rule Rename CAN TimeSeg2 to BS2 is applicable
2026-01-16 12:29:14,092 [INFO] Rule:228 - rule Rename CAN SyncJumpWidth to SJW is applicable
2026-01-16 12:29:14,092 [INFO] Rule:228 - rule TimeTriggeredMode to TTCM is applicable
2026-01-16 12:29:14,092 [INFO] Rule:228 - rule Rename CAN AutoBusOff to ABOM is applicable
2026-01-16 12:29:14,092 [INFO] Rule:228 - rule Rename CAN AutoWakeUp to AWUM is applicable
2026-01-16 12:29:14,092 [INFO] Rule:228 - rule Rename CAN AutoRetransmission to NART is applicable
2026-01-16 12:29:14,092 [INFO] Rule:228 - rule Rename CAN ReceiveFifoLocked to RFLM is applicable
2026-01-16 12:29:14,092 [INFO] Rule:228 - rule Rename CAN TransmitFifoPriority to TXFP is applicable
2026-01-16 12:29:14,092 [INFO] Rule:228 - rule Rename HRTIMER HRTIM_OUTPUTFAULTLEVEL_HIGH in HRTIMER HRTIM_OUTPUTFAULTLEVEL_HIGHZ is applicable
2026-01-16 12:29:14,092 [INFO] Rule:228 - rule Rename TIMER TIM_CLEARINPUTSOURCE_OCREFCLR in  TIMER TIM_CLEARINPUTSOURCE_NONE for F7 family is applicable
2026-01-16 12:29:14,092 [INFO] Rule:228 - rule FDCAN_R1 - Rename FDCAN mode Master into Classic is applicable
2026-01-16 12:29:14,092 [INFO] Rule:228 - rule FDCAN_R2 - Rename FDCAN mode Slave into Classic is applicable
2026-01-16 12:29:14,092 [INFO] Rule:228 - rule FDCAN1_R3 - if PA10.Mode=FullDuplex, add Pin PA12 is applicable
2026-01-16 12:29:14,092 [INFO] Rule:228 - rule FDCAN1_R3 - if PA9.Mode=FullDuplex, add Pin PA11 is applicable
2026-01-16 12:29:14,092 [INFO] Rule:228 - rule FDCAN1_R3 - Alternatepin_1 - if PE1.Mode=FullDuplex, add Pin PB9 is applicable
2026-01-16 12:29:14,092 [INFO] Rule:228 - rule FDCAN1_R3 - Alternatepin_1 - if PE0.Mode=FullDuplex, add Pin PB8 is applicable
2026-01-16 12:29:14,092 [INFO] Rule:228 - rule FDCAN1_R3 - Alternatepin_2 - if PD5.Mode=FullDuplex, add Pin PD1 is applicable
2026-01-16 12:29:14,092 [INFO] Rule:228 - rule FDCAN1_R3 - Alternatepin_2 - if PD4.Mode=FullDuplex, add Pin PD0 is applicable
2026-01-16 12:29:14,092 [INFO] Rule:228 - rule FDCAN1_R4 - Rename Mode FullDuplex into Enable FDCAN_TXFD for pin PA10 is applicable
2026-01-16 12:29:14,092 [INFO] Rule:228 - rule FDCAN1_R4 - Rename Mode FullDuplex into Enable FDCAN_TXFD for pin PA9 is applicable
2026-01-16 12:29:14,092 [INFO] Rule:228 - rule FDCAN1_R4 - Alternatepin_1 - Rename Mode FullDuplex into Enable FDCAN_TXFD for pin PE1 is applicable
2026-01-16 12:29:14,092 [INFO] Rule:228 - rule FDCAN1_R4 - Alternatepin_1 - Rename Mode FullDuplex into Enable FDCAN_TXFD for pin PE0 is applicable
2026-01-16 12:29:14,094 [INFO] Rule:228 - rule FDCAN1_R4 - Alternatepin_2 - Rename Mode FullDuplex into Enable FDCAN_TXFD for pin PD5 is applicable
2026-01-16 12:29:14,094 [INFO] Rule:228 - rule FDCAN1_R4 - Alternatepin_2 - Rename Mode FullDuplex into Enable FDCAN_TXFD for pin PD4 is applicable
2026-01-16 12:29:14,094 [INFO] Rule:228 - rule FDCAN2_R3 - if PD10.Mode=FullDuplex, add Pin PB13 is applicable
2026-01-16 12:29:14,094 [INFO] Rule:228 - rule FDCAN2_R3 - if PD9.Mode=FullDuplex, add Pin PB12 is applicable
2026-01-16 12:29:14,094 [INFO] Rule:228 - rule FDCAN2_R3 - Alternatepin_1 - if PB7.Mode=FullDuplex, add Pin PB6 is applicable
2026-01-16 12:29:14,094 [INFO] Rule:228 - rule FDCAN2_R3 - Alternatepin_1 - if PD9.Mode=FullDuplex, add Pin PB12 is applicable
2026-01-16 12:29:14,094 [INFO] Rule:228 - rule FDCAN2_R4 - Rename Mode FullDuplex into Enable FDCAN_TXFD for pin PD10 is applicable
2026-01-16 12:29:14,094 [INFO] Rule:228 - rule FDCAN2_R4 - Rename Mode FullDuplex into Enable FDCAN_TXFD for pin PD9 is applicable
2026-01-16 12:29:14,094 [INFO] Rule:228 - rule FDCAN2_R4 - Alternatepin_1 - Rename Mode FullDuplex into Enable FDCAN_TXFD for pin PB7 is applicable
2026-01-16 12:29:14,094 [INFO] Rule:228 - rule FDCAN2_R4 - Alternatepin_1 - Rename Mode FullDuplex into Enable FDCAN_TXFD for pin PD6 is applicable
2026-01-16 12:29:14,094 [INFO] Rule:228 - rule USART TxPinLevelInvertParam Mode is applicable
2026-01-16 12:29:14,094 [INFO] Rule:228 - rule USART RxPinLevelInvertParam Mode is applicable
2026-01-16 12:29:14,094 [INFO] Rule:228 - rule USART DataInvertParam Mode is applicable
2026-01-16 12:29:14,094 [INFO] Rule:228 - rule USART SwapParam Mode is applicable
2026-01-16 12:29:14,094 [INFO] Rule:228 - rule USART OverrunDisableParam Mode is applicable
2026-01-16 12:29:14,094 [INFO] Rule:228 - rule USART DMADisableonRxErrorParam Mode is applicable
2026-01-16 12:29:14,094 [INFO] Rule:228 - rule USART MSBFirstParam Mode is applicable
2026-01-16 12:29:14,094 [INFO] Rule:228 - rule Update MwName for USB_DEVICE is applicable
2026-01-16 12:29:14,094 [INFO] Rule:228 - rule Change PWR_Regulator_Voltage_Scale Default Value for RCC  H7 family is applicable
2026-01-16 12:29:14,094 [INFO] Rule:228 - rule UART/USART IPParameter rename Prescaler parameter to ClockPrescaler is applicable
2026-01-16 12:29:14,094 [INFO] Rule:228 - rule UART/USART Prescaler rename Prescaler parameter to ClockPrescaler is applicable
2026-01-16 12:29:14,094 [INFO] Rule:228 - rule TIM1CLockSelection is applicable
2026-01-16 12:29:14,094 [INFO] Rule:228 - rule TIM15CLockSelection is applicable
2026-01-16 12:29:14,094 [INFO] Rule:228 - rule align RCC SDMMC3CLockSelection default value on MP1 is applicable
2026-01-16 12:29:14,094 [INFO] Rule:228 - rule align RCC SDMMC12CLockSelection default value on MP1 is applicable
2026-01-16 12:29:14,094 [INFO] Rule:228 - rule align RCC QSPICLockSelection default value on MP1 is applicable
2026-01-16 12:29:14,094 [INFO] Rule:228 - rule align RCC QSPICLockSelection default value on MP1 is applicable
2026-01-16 12:29:14,094 [INFO] Rule:228 - rule align RCC SPI6CLockSelection default value on MP1 is applicable
2026-01-16 12:29:14,094 [INFO] Rule:228 - rule align RCC LPTIM23CLockSelection default value on MP1 is applicable
2026-01-16 12:29:14,094 [INFO] Rule:228 - rule align RCC LPTIM1CLockSelection default value on MP1 is applicable
2026-01-16 12:29:14,094 [INFO] Rule:228 - rule align RCC USART1CLockSelection default value on MP1 is applicable
2026-01-16 12:29:14,094 [INFO] Rule:228 - rule align RCC USART24CLockSelection default value on MP1 is applicable
2026-01-16 12:29:14,094 [INFO] Rule:228 - rule align RCC USART6CLockSelection default value on MP1 is applicable
2026-01-16 12:29:14,094 [INFO] Rule:228 - rule align RCC UART78CLockSelection default value on MP1 is applicable
2026-01-16 12:29:14,094 [INFO] Rule:228 - rule align RCC USART35CLockSelection default value on MP1 is applicable
2026-01-16 12:29:14,094 [INFO] Rule:228 - rule align RCC SPI45CLockSelection default value on MP1 is applicable
2026-01-16 12:29:14,094 [INFO] Rule:228 - rule align RCC I2C46CLockSelection BCLK value on MP1 is applicable
2026-01-16 12:29:14,094 [INFO] Rule:228 - rule align RCC SPI45CLockSelection default value on MP1 is applicable
2026-01-16 12:29:14,094 [INFO] Rule:228 - rule align RCC I2C12CLockSelection default value on MP1 is applicable
2026-01-16 12:29:14,094 [INFO] Rule:228 - rule align RCC I2C35CLockSelection default value on MP1 is applicable
2026-01-16 12:29:14,094 [INFO] Rule:228 - rule align RCC LPTIM45CLockSelection default value on MP1 is applicable
2026-01-16 12:29:14,094 [INFO] Rule:228 - rule Rename DCMI PIXCK signal is applicable
2026-01-16 12:29:14,094 [INFO] Rule:228 - rule Change Default Value for I2C46CLockSelection MP1 family is applicable
2026-01-16 12:29:14,094 [INFO] Rule:228 - rule Change Default Value for UART for G4, G0 and WB families is applicable
2026-01-16 12:29:14,094 [INFO] Rule:228 - rule Change Default Value for USART for G4, G0 and WB families is applicable
2026-01-16 12:29:14,094 [INFO] Rule:228 - rule Change Default Value for USART for G4 family is applicable
2026-01-16 12:29:14,094 [INFO] Rule:228 - rule Change USART1CLockSelection refparam name for MP1 is applicable
2026-01-16 12:29:14,094 [INFO] Rule:228 - rule Change USART2CLockSelection refparam name for MP1 is applicable
2026-01-16 12:29:14,094 [INFO] Rule:228 - rule Change USART3CLockSelection refparam name for MP1 is applicable
2026-01-16 12:29:14,094 [INFO] Rule:228 - rule Change UART4CLockSelection refparam name for MP1 is applicable
2026-01-16 12:29:14,094 [INFO] Rule:228 - rule Change UART5CLockSelection refparam name for MP1 is applicable
2026-01-16 12:29:14,098 [INFO] Rule:228 - rule Change LPUART1CLockSelection refparam name for MP1 is applicable
2026-01-16 12:29:14,098 [INFO] Rule:228 - rule Change LPTIM1CLockSelection refparam name for MP1 is applicable
2026-01-16 12:29:14,098 [INFO] Rule:228 - rule Change LPTIM2CLockSelection refparam name for MP1 is applicable
2026-01-16 12:29:14,098 [INFO] Rule:228 - rule Change RCC_MCO1Source refparam name for MP1 is applicable
2026-01-16 12:29:14,098 [INFO] Rule:228 - rule Change LSCOSource1 refparam name for MP1 is applicable
2026-01-16 12:29:14,098 [INFO] Rule:228 - rule Change SMPSCLockSelection refparam name for MP1 is applicable
2026-01-16 12:29:14,098 [INFO] Rule:228 - rule Change LPTIM3CLockSelection refparam name for MP1 is applicable
2026-01-16 12:29:14,098 [INFO] Rule:228 - rule Change MPCBB* Default Template Mode to Parameters is applicable
2026-01-16 12:29:14,098 [INFO] Rule:228 - rule Change MPCWM* or MPCBB* Secure Mode to Parameters is applicable
2026-01-16 12:29:14,098 [INFO] Rule:228 - rule Change MPCWM* or MPCBB* No Secure Mode to Parameters is applicable
2026-01-16 12:29:14,098 [INFO] Rule:228 - rule Change TZSC IP Secure Mode to Parameters is applicable
2026-01-16 12:29:14,098 [INFO] Rule:228 - rule Change TZSC IP No Secure Mode to Parameters is applicable
2026-01-16 12:29:14,098 [INFO] Rule:228 - rule Change TZSC IP Privilege Mode to Parameters is applicable
2026-01-16 12:29:14,098 [INFO] Rule:228 - rule Change TZSC IP No Privilege Mode to Parameters is applicable
2026-01-16 12:29:14,098 [INFO] Rule:228 - rule Change TZIC IT Secure Mode to Parameters is applicable
2026-01-16 12:29:14,098 [INFO] Rule:228 - rule Change TZIC IT No Secure Mode to Parameters is applicable
2026-01-16 12:29:14,098 [INFO] Rule:228 - rule Add MPCBB1_NonSecureArea_Start_Address value with referenced to MPCBB1_NonSecureArea_Start value is applicable
2026-01-16 12:29:14,098 [INFO] Rule:228 - rule Add MPCBB2_NonSecureArea_Start_Address value with referenced to MPCBB2_NonSecureArea_Start value is applicable
2026-01-16 12:29:14,098 [INFO] Rule:228 - rule Add MPCWM1_NonSecureArea*_Start_Address value with referenced to MPCWM1_NonSecureArea*_Start value is applicable
2026-01-16 12:29:14,098 [INFO] Rule:228 - rule Add MPCWM2_NonSecureArea*_Start_Address value with referenced to MPCWM2_NonSecureArea*_Start value is applicable
2026-01-16 12:29:14,098 [INFO] Rule:228 - rule Add MPCWM3_NonSecureArea_Start_Address value with referenced to MPCWM3_NonSecureArea_Start value is applicable
2026-01-16 12:29:14,098 [INFO] Rule:228 - rule Change Default Value for PLL1UserDefinedConfig is applicable
2026-01-16 12:29:14,098 [INFO] Rule:228 - rule Change GPIO_PuPd Default Value for USART in async mode is applicable
2026-01-16 12:29:14,098 [INFO] Rule:228 - rule Change SMPSDivider Default Value is applicable
2026-01-16 12:29:14,098 [INFO] Rule:228 - rule OPAMP is applicable
2026-01-16 12:29:14,098 [INFO] Rule:228 - rule LPUART IPParameter rename Prescaler parameter to ClockPrescaler for STM32H7 is applicable
2026-01-16 12:29:14,098 [INFO] Rule:228 - rule LPUART IPParameter rename Prescaler parameter to ClockPrescaler for STM32H7 is applicable
2026-01-16 12:29:14,098 [INFO] Rule:228 - rule LPUART IPParameter rename Prescaler parameter to ClockPrescaler for STM32WB is applicable
2026-01-16 12:29:14,098 [INFO] Rule:228 - rule LPUART IPParameter rename Prescaler parameter to ClockPrescaler for STM32WB is applicable
2026-01-16 12:29:14,098 [INFO] Rule:228 - rule LPUART IPParameter rename Prescaler parameter to ClockPrescaler for STM32G4 is applicable
2026-01-16 12:29:14,098 [INFO] Rule:228 - rule LPUART IPParameter rename Prescaler parameter to ClockPrescaler for STM32G4 is applicable
2026-01-16 12:29:14,098 [INFO] Rule:228 - rule LPUART IPParameter rename Prescaler parameter to ClockPrescaler for STM32L5 is applicable
2026-01-16 12:29:14,098 [INFO] Rule:228 - rule LPUART IPParameter rename Prescaler parameter to ClockPrescaler for STM32L5 is applicable
2026-01-16 12:29:14,098 [INFO] Rule:228 - rule LPUART IPParameter rename Prescaler parameter to ClockPrescaler for STM32G4 is applicable
2026-01-16 12:29:14,098 [INFO] Rule:228 - rule LPUART IPParameter rename Prescaler parameter to ClockPrescaler for STM32G4 is applicable
2026-01-16 12:29:14,098 [INFO] Rule:228 - rule USB device lib V2.5.3 for L0 rename USBD_SUPPORT_USER_STRING parameter to USBD_SUPPORT_USER_STRING_DESC4 is applicable
2026-01-16 12:29:14,098 [INFO] Rule:228 - rule I2SCLockSelection clock entry align is applicable
2026-01-16 12:29:14,098 [INFO] Rule:228 - rule Assign TIMx context if used as SYS timebase is applicable
2026-01-16 12:29:14,098 [INFO] Rule:228 - rule Change GPIO_Pu Default Value for I2C is applicable
2026-01-16 12:29:14,098 [INFO] Rule:228 - rule Change GPIO_Pu Default Value for SMBus is applicable
2026-01-16 12:29:14,098 [INFO] Rule:228 - rule change FDCAN default value is applicable
2026-01-16 12:29:14,098 [INFO] Rule:228 - rule Change mode sai is applicable
2026-01-16 12:29:14,098 [INFO] Rule:228 - rule **Change sai mode is applicable
2026-01-16 12:29:14,120 [INFO] DbConfProperties:307 - Apply Compatibility (78/289 Rules)
2026-01-16 12:29:14,157 [INFO] ImportTextPane:194 - (OptionalMessage_ERROR) Unable to find key (Mcu.ThirdPartyNb) in loaded IOC file
2026-01-16 12:29:14,407 [INFO] RtosManager:555 - Registered RTOS mode: class=CMSIS, group=RTOS, mode=CMSIS_V1, owner=FREERTOS
2026-01-16 12:29:14,407 [INFO] RtosManager:555 - Registered RTOS mode: class=CMSIS, group=RTOS2, mode=CMSIS_V2, owner=FREERTOS
2026-01-16 12:29:14,407 [INFO] RtosManager:555 - Registered RTOS mode: class=RTOS, group=Core, mode=CMSIS_V1, owner=FREERTOS
2026-01-16 12:29:14,407 [INFO] RtosManager:555 - Registered RTOS mode: class=RTOS, group=Core, mode=CMSIS_V2, owner=FREERTOS
2026-01-16 12:29:14,407 [WARN] ModelIntegratedComponent:184 - Missing modes for component STMicroelectronics:FreeRTOS:0.0.1:STMicroelectronics:RTOS:FreeRTOS:Core:::10.2.0:
2026-01-16 12:29:14,424 [WARN] ModelIntegratedComponent:63 - No mode defined for component null
2026-01-16 12:29:14,424 [WARN] ModelIntegratedComponent:63 - No mode defined for component null
2026-01-16 12:29:14,424 [WARN] ModelIntegratedComponent:63 - No mode defined for component null
2026-01-16 12:29:14,424 [WARN] ModelIntegratedComponent:63 - No mode defined for component null
2026-01-16 12:29:14,424 [WARN] ModelIntegratedComponent:63 - No mode defined for component null
2026-01-16 12:29:14,424 [WARN] ModelIntegratedComponent:63 - No mode defined for component null
2026-01-16 12:29:14,424 [WARN] ModelIntegratedComponent:63 - No mode defined for component null
2026-01-16 12:29:14,431 [WARN] ModelIntegratedComponent:63 - No mode defined for component null
2026-01-16 12:29:14,431 [WARN] ModelIntegratedComponent:63 - No mode defined for component null
2026-01-16 12:29:14,431 [WARN] ModelIntegratedComponent:63 - No mode defined for component null
2026-01-16 12:29:14,431 [WARN] ModelIntegratedComponent:63 - No mode defined for component null
2026-01-16 12:29:14,431 [WARN] ModelIntegratedComponent:63 - No mode defined for component null
2026-01-16 12:29:14,431 [WARN] ModelIntegratedComponent:63 - No mode defined for component null
2026-01-16 12:29:14,431 [WARN] ModelIntegratedComponent:63 - No mode defined for component null
2026-01-16 12:29:14,431 [WARN] ModelIntegratedComponent:63 - No mode defined for component null
2026-01-16 12:29:14,431 [WARN] ModelIntegratedComponent:63 - No mode defined for component null
2026-01-16 12:29:14,431 [WARN] ModelIntegratedComponent:63 - No mode defined for component null
2026-01-16 12:29:14,431 [WARN] ModelIntegratedComponent:63 - No mode defined for component null
2026-01-16 12:29:14,431 [WARN] ModelIntegratedComponent:63 - No mode defined for component null
2026-01-16 12:29:14,431 [WARN] ModelIntegratedComponent:63 - No mode defined for component null
2026-01-16 12:29:14,431 [WARN] ModelIntegratedComponent:63 - No mode defined for component null
2026-01-16 12:29:14,431 [WARN] ModelIntegratedComponent:63 - No mode defined for component null
2026-01-16 12:29:14,431 [WARN] ModelIntegratedComponent:63 - No mode defined for component null
2026-01-16 12:29:14,431 [WARN] ModelIntegratedComponent:63 - No mode defined for component null
2026-01-16 12:29:14,431 [WARN] ModelIntegratedComponent:63 - No mode defined for component null
2026-01-16 12:29:14,431 [WARN] ModelIntegratedComponent:63 - No mode defined for component null
2026-01-16 12:29:14,431 [WARN] ModelIntegratedComponent:63 - No mode defined for component null
2026-01-16 12:29:14,431 [WARN] ModelIntegratedComponent:63 - No mode defined for component null
2026-01-16 12:29:14,431 [WARN] ModelIntegratedComponent:63 - No mode defined for component null
2026-01-16 12:29:14,431 [WARN] ModelIntegratedComponent:63 - No mode defined for component null
2026-01-16 12:29:14,431 [WARN] ModelIntegratedComponent:63 - No mode defined for component null
2026-01-16 12:29:14,431 [WARN] ModelIntegratedComponent:63 - No mode defined for component null
2026-01-16 12:29:14,431 [WARN] ModelIntegratedComponent:63 - No mode defined for component null
2026-01-16 12:29:14,462 [INFO] ThirdPartyModel:298 - Start build external matchings
2026-01-16 12:29:14,676 [INFO] ThirdPartyModel:316 - End build external matchings
2026-01-16 12:29:15,035 [INFO] UtilMem:75 - End LoadConfig() Used Memory: 759381000 Bytes (886046720)
2026-01-16 12:29:15,167 [WARN] ThirdParty:833 - waiting for thirdparty lock release [change project]
2026-01-16 12:29:15,167 [INFO] ThirdParty:835 - entering critical section [change project]
2026-01-16 12:29:15,167 [INFO] ThirdParty:1030 - CMSIS Pack Vendor :STMicroelectronics X-CUBE-PM33A1 1.0.0
2026-01-16 12:29:15,167 [INFO] ThirdParty:1030 - CMSIS Pack Vendor :STMicroelectronics X-CUBE-NFC9 1.0.0
2026-01-16 12:29:15,167 [INFO] ThirdParty:1030 - CMSIS Pack Vendor :STMicroelectronics USB_HOST 2.0.0
2026-01-16 12:29:15,167 [INFO] ThirdParty:1030 - CMSIS Pack Vendor :STMicroelectronics FP-SNS-MOTENVWB1 1.4.0
2026-01-16 12:29:15,167 [INFO] ThirdParty:1030 - CMSIS Pack Vendor :STMicroelectronics X-CUBE-AZRTOS-F4 1.1.0
2026-01-16 12:29:15,167 [INFO] ThirdParty:1030 - CMSIS Pack Vendor :STMicroelectronics LIBJPEG 8.0.0
2026-01-16 12:29:15,167 [INFO] ThirdParty:1030 - CMSIS Pack Vendor :STMicroelectronics FP-ATR-ASTRA1 2.0.2
2026-01-16 12:29:15,167 [INFO] ThirdParty:1030 - CMSIS Pack Vendor :STMicroelectronics X-CUBE-BLE1 7.1.0
2026-01-16 12:29:15,167 [INFO] ThirdParty:1030 - CMSIS Pack Vendor :STMicroelectronics X-CUBE-SMBUS 2.1.0
2026-01-16 12:29:15,167 [INFO] ThirdParty:1030 - CMSIS Pack Vendor :wolfSSL I-CUBE-wolfMQTT 1.19.2
2026-01-16 12:29:15,167 [INFO] ThirdParty:1030 - CMSIS Pack Vendor :STMicroelectronics USB_DEVICE 3.0.0
2026-01-16 12:29:15,167 [INFO] ThirdParty:1030 - CMSIS Pack Vendor :STMicroelectronics X-CUBE-ISPU 2.1.0
2026-01-16 12:29:15,167 [INFO] ThirdParty:1030 - CMSIS Pack Vendor :STMicroelectronics X-CUBE-EEPRMA1 5.2.0
2026-01-16 12:29:15,167 [INFO] ThirdParty:1030 - CMSIS Pack Vendor :STMicroelectronics X-CUBE-AZRTOS-WB 2.0.0
2026-01-16 12:29:15,167 [INFO] ThirdParty:1030 - CMSIS Pack Vendor :wolfSSL I-CUBE-wolfSSL 5.8.4
2026-01-16 12:29:15,167 [INFO] ThirdParty:1030 - CMSIS Pack Vendor :STMicroelectronics X-CUBE-NFC12 1.0.0
2026-01-16 12:29:15,167 [INFO] ThirdParty:1030 - CMSIS Pack Vendor :STMicroelectronics X-CUBE-AZRTOS-F7 1.1.0
2026-01-16 12:29:15,167 [INFO] ThirdParty:1030 - CMSIS Pack Vendor :STMicroelectronics X-CUBE-AZRTOS-L5 2.0.0
2026-01-16 12:29:15,167 [INFO] ThirdParty:1030 - CMSIS Pack Vendor :STMicroelectronics USB_DEVICE 2.0.0
2026-01-16 12:29:15,167 [INFO] ThirdParty:1030 - CMSIS Pack Vendor :STMicroelectronics X-CUBE-NFC6 3.1.0
2026-01-16 12:29:15,167 [INFO] ThirdParty:1030 - CMSIS Pack Vendor :STMicroelectronics X-CUBE-MEMS1 12.0.0
2026-01-16 12:29:15,167 [INFO] ThirdParty:1030 - CMSIS Pack Vendor :STMicroelectronics FreeRTOS 0.0.1
2026-01-16 12:29:15,167 [INFO] ThirdParty:1030 - CMSIS Pack Vendor :STMicroelectronics X-CUBE-AZRTOS-G0 1.1.0
2026-01-16 12:29:15,167 [INFO] ThirdParty:1030 - CMSIS Pack Vendor :STMicroelectronics X-CUBE-NFC4 3.0.0
2026-01-16 12:29:15,167 [INFO] ThirdParty:1030 - CMSIS Pack Vendor :STMicroelectronics X-CUBE-SUBG2 5.0.0
2026-01-16 12:29:15,167 [INFO] ThirdParty:1030 - CMSIS Pack Vendor :STMicroelectronics STM32_WPAN 1.0.0
2026-01-16 12:29:15,167 [INFO] ThirdParty:1030 - CMSIS Pack Vendor :STMicroelectronics lwIP 2.0.3
2026-01-16 12:29:15,167 [INFO] ThirdParty:1030 - CMSIS Pack Vendor :STMicroelectronics USB_HOST 1.0.0
2026-01-16 12:29:15,167 [INFO] ThirdParty:1030 - CMSIS Pack Vendor :STMicroelectronics X-CUBE-AZRTOS-G4 2.0.0
2026-01-16 12:29:15,167 [INFO] ThirdParty:1030 - CMSIS Pack Vendor :STMicroelectronics X-CUBE-WB05N 2.0.0
2026-01-16 12:29:15,167 [INFO] ThirdParty:1030 - CMSIS Pack Vendor :STMicroelectronics PDM2PCM 3.1.0
2026-01-16 12:29:15,167 [INFO] ThirdParty:1030 - CMSIS Pack Vendor :STMicroelectronics PDM2PCM 3.3.0
2026-01-16 12:29:15,167 [INFO] ThirdParty:1030 - CMSIS Pack Vendor :wolfSSL I-CUBE-wolfTPM 3.8.0
2026-01-16 12:29:15,167 [INFO] ThirdParty:1030 - CMSIS Pack Vendor :STMicroelectronics X-CUBE-AZRTOS-H7 3.4.0
2026-01-16 12:29:15,167 [INFO] ThirdParty:1030 - CMSIS Pack Vendor :STMicroelectronics X-CUBE-DISPLAY 3.0.0
2026-01-16 12:29:15,167 [INFO] ThirdParty:1030 - CMSIS Pack Vendor :wolfSSL I-CUBE-wolfSSH 1.4.20
2026-01-16 12:29:15,167 [INFO] ThirdParty:1030 - CMSIS Pack Vendor :STMicroelectronics X-CUBE-NFC7 2.0.0
2026-01-16 12:29:15,167 [INFO] ThirdParty:1030 - CMSIS Pack Vendor :STMicroelectronics FP-ATR-SIGFOX1 3.2.0
2026-01-16 12:29:15,167 [INFO] ThirdParty:1030 - CMSIS Pack Vendor :STMicroelectronics X-CUBE-NFC10 1.0.0
2026-01-16 12:29:15,167 [INFO] ThirdParty:1030 - CMSIS Pack Vendor :STMicroelectronics HAL Drivers 0.0.0
2026-01-16 12:29:15,167 [INFO] ThirdParty:1030 - CMSIS Pack Vendor :STMicroelectronics MBEDTLS 2.16.2
2026-01-16 12:29:15,167 [INFO] ThirdParty:1030 - CMSIS Pack Vendor :STMicroelectronics X-CUBE-ALS 1.0.2
2026-01-16 12:29:15,167 [INFO] ThirdParty:1030 - CMSIS Pack Vendor :emotas I-CUBE-CANOPEN 1.3.0
2026-01-16 12:29:15,167 [INFO] ThirdParty:1030 - CMSIS Pack Vendor :STMicroelectronics MBEDTLS 2.14.1
2026-01-16 12:29:15,167 [INFO] ThirdParty:1030 - CMSIS Pack Vendor :STMicroelectronics X-CUBE-GNSS1 7.1.0
2026-01-16 12:29:15,167 [INFO] ThirdParty:1030 - CMSIS Pack Vendor :ITTIA_DB I-CUBE-ITTIADB 8.9.0
2026-01-16 12:29:15,167 [INFO] ThirdParty:1030 - CMSIS Pack Vendor :STMicroelectronics X-CUBE-TOUCHGFX 4.26.0
2026-01-16 12:29:15,167 [INFO] ThirdParty:1030 - CMSIS Pack Vendor :STMicroelectronics X-CUBE-STSE01 1.0.0
2026-01-16 12:29:15,167 [INFO] ThirdParty:1030 - CMSIS Pack Vendor :STMicroelectronics X-CUBE-AI 10.2.0
2026-01-16 12:29:15,167 [INFO] ThirdParty:1030 - CMSIS Pack Vendor :STMicroelectronics ThreadX 1.0.0
2026-01-16 12:29:15,167 [INFO] ThirdParty:1030 - CMSIS Pack Vendor :STMicroelectronics FP-SNS-SMARTAG2 1.2.0
2026-01-16 12:29:15,167 [INFO] ThirdParty:1030 - CMSIS Pack Vendor :STMicroelectronics X-CUBE-AZRTOS-WL 2.0.0
2026-01-16 12:29:15,167 [INFO] ThirdParty:1030 - CMSIS Pack Vendor :SEGGER I-CUBE-embOS 1.3.1
2026-01-16 12:29:15,167 [INFO] ThirdParty:1030 - CMSIS Pack Vendor :STMicroelectronics X-CUBE-ALGOBUILD 1.4.0
2026-01-16 12:29:15,167 [INFO] ThirdParty:1030 - CMSIS Pack Vendor :STMicroelectronics USB_DEVICE 1.0.0
2026-01-16 12:29:15,167 [INFO] ThirdParty:1030 - CMSIS Pack Vendor :STMicroelectronics X-CUBE-AZRTOS-H7RS 1.2.0
2026-01-16 12:29:15,167 [INFO] ThirdParty:1030 - CMSIS Pack Vendor :STMicroelectronics X-CUBE-AZRTOS-L4 2.0.0
2026-01-16 12:29:15,167 [INFO] ThirdParty:1030 - CMSIS Pack Vendor :STMicroelectronics ThreadX 0.0.2
2026-01-16 12:29:15,167 [INFO] ThirdParty:1030 - CMSIS Pack Vendor :STMicroelectronics lwIP 2.1.2
2026-01-16 12:29:15,167 [INFO] ThirdParty:1030 - CMSIS Pack Vendor :STMicroelectronics X-CUBE-SFXS2LP1 4.0.0
2026-01-16 12:29:15,167 [INFO] ThirdParty:1030 - CMSIS Pack Vendor :STMicroelectronics X-CUBE-BLE2 3.3.0
2026-01-16 12:29:15,167 [INFO] ThirdParty:1030 - CMSIS Pack Vendor :STMicroelectronics PDM2PCM 3.2.0
2026-01-16 12:29:15,167 [INFO] ThirdParty:841 - exiting critical section [change project]
2026-01-16 12:29:15,584 [INFO] PinOutPanel:1499 - setPackage(No Configuration,No Configuration)
2026-01-16 12:29:15,584 [INFO] PinOutPanel:1499 - setPackage(STM32F446RETx,LQFP64)
2026-01-16 12:29:16,274 [INFO] UtilMem:75 - Before build in PCC Used Memory: 781293952 Bytes (886046720)
2026-01-16 12:29:17,140 [INFO] UtilMem:75 - After build in PCC Used Memory: 783410928 Bytes (886046720)
2026-01-16 12:29:17,179 [INFO] IPUIPlugin:80 - create IPUIPlugin
2026-01-16 12:29:17,179 [INFO] IPUIPlugin:80 - create IPUIPlugin
2026-01-16 12:29:17,179 [INFO] IPUIPlugin:80 - create IPUIPlugin
2026-01-16 12:29:17,179 [INFO] IPUIPlugin:80 - create IPUIPlugin
2026-01-16 12:29:17,179 [INFO] IPUIPlugin:80 - create IPUIPlugin
2026-01-16 12:29:17,179 [INFO] IPUIPlugin:80 - create IPUIPlugin
2026-01-16 12:29:17,179 [INFO] IPUIPlugin:80 - create IPUIPlugin
2026-01-16 12:29:17,179 [INFO] IPUIPlugin:80 - create IPUIPlugin
2026-01-16 12:29:17,179 [INFO] IPUIPlugin:80 - create IPUIPlugin
2026-01-16 12:29:17,179 [INFO] IPUIPlugin:80 - create IPUIPlugin
2026-01-16 12:29:17,185 [INFO] IPUIPlugin:80 - create IPUIPlugin
2026-01-16 12:29:17,185 [INFO] IPUIPlugin:80 - create IPUIPlugin
2026-01-16 12:29:17,185 [INFO] IPUIPlugin:80 - create IPUIPlugin
2026-01-16 12:29:17,185 [INFO] IPUIPlugin:80 - create IPUIPlugin
2026-01-16 12:29:17,185 [INFO] IPUIPlugin:80 - create IPUIPlugin
2026-01-16 12:29:17,187 [INFO] IPUIPlugin:80 - create IPUIPlugin
2026-01-16 12:29:17,187 [INFO] IPUIPlugin:80 - create IPUIPlugin
2026-01-16 12:29:17,187 [INFO] IPUIPlugin:80 - create IPUIPlugin
2026-01-16 12:29:17,187 [INFO] IPUIPlugin:80 - create IPUIPlugin
2026-01-16 12:29:17,187 [INFO] IPUIPlugin:80 - create IPUIPlugin
2026-01-16 12:29:17,187 [INFO] IPUIPlugin:80 - create IPUIPlugin
2026-01-16 12:29:17,187 [INFO] IPUIPlugin:80 - create IPUIPlugin
2026-01-16 12:29:17,187 [INFO] IPUIPlugin:80 - create IPUIPlugin
2026-01-16 12:29:17,187 [INFO] IPUIPlugin:80 - create IPUIPlugin
2026-01-16 12:29:17,187 [INFO] IPUIPlugin:80 - create IPUIPlugin
2026-01-16 12:29:17,187 [INFO] IPUIPlugin:80 - create IPUIPlugin
2026-01-16 12:29:17,187 [INFO] IPUIPlugin:80 - create IPUIPlugin
2026-01-16 12:29:17,187 [INFO] IPUIPlugin:80 - create IPUIPlugin
2026-01-16 12:29:17,187 [INFO] IPUIPlugin:80 - create IPUIPlugin
2026-01-16 12:29:17,187 [INFO] IPUIPlugin:80 - create IPUIPlugin
2026-01-16 12:29:17,187 [INFO] IPUIPlugin:80 - create IPUIPlugin
2026-01-16 12:29:17,187 [INFO] IPUIPlugin:80 - create IPUIPlugin
2026-01-16 12:29:17,193 [INFO] IPUIPlugin:80 - create IPUIPlugin
2026-01-16 12:29:17,193 [INFO] IPUIPlugin:80 - create IPUIPlugin
2026-01-16 12:29:17,193 [INFO] IPUIPlugin:80 - create IPUIPlugin
2026-01-16 12:29:17,193 [INFO] IPUIPlugin:80 - create IPUIPlugin
2026-01-16 12:29:17,193 [INFO] IPUIPlugin:80 - create IPUIPlugin
2026-01-16 12:29:17,194 [INFO] IPUIPlugin:80 - create IPUIPlugin
2026-01-16 12:29:17,194 [INFO] IPUIPlugin:80 - create IPUIPlugin
2026-01-16 12:29:17,194 [INFO] IPUIPlugin:80 - create IPUIPlugin
2026-01-16 12:29:17,194 [INFO] IPUIPlugin:80 - create IPUIPlugin
2026-01-16 12:29:17,194 [INFO] IPUIPlugin:80 - create IPUIPlugin
2026-01-16 12:29:17,194 [INFO] IPUIPlugin:80 - create IPUIPlugin
2026-01-16 12:29:17,196 [INFO] IPUIPlugin:80 - create IPUIPlugin
2026-01-16 12:29:17,196 [INFO] IPUIPlugin:80 - create IPUIPlugin
2026-01-16 12:29:17,196 [INFO] IPUIPlugin:80 - create IPUIPlugin
2026-01-16 12:29:17,196 [INFO] IPUIPlugin:80 - create IPUIPlugin
2026-01-16 12:29:17,196 [INFO] IPUIPlugin:80 - create IPUIPlugin
2026-01-16 12:29:17,198 [INFO] IPUIPlugin:80 - create IPUIPlugin
2026-01-16 12:29:17,198 [INFO] IPUIPlugin:80 - create IPUIPlugin
2026-01-16 12:29:17,198 [INFO] IPUIPlugin:80 - create IPUIPlugin
2026-01-16 12:29:17,198 [INFO] IPUIPlugin:80 - create IPUIPlugin
2026-01-16 12:29:17,198 [INFO] IPUIPlugin:80 - create IPUIPlugin
2026-01-16 12:29:17,198 [INFO] IPUIPlugin:80 - create IPUIPlugin
2026-01-16 12:29:17,201 [INFO] IPUIPlugin:80 - create IPUIPlugin
2026-01-16 12:29:17,201 [INFO] IPUIPlugin:80 - create IPUIPlugin
2026-01-16 12:29:17,201 [INFO] IPUIPlugin:80 - create IPUIPlugin
2026-01-16 12:29:17,201 [INFO] IPUIPlugin:80 - create IPUIPlugin
2026-01-16 12:29:17,205 [INFO] IPUIPlugin:80 - create IPUIPlugin
2026-01-16 12:29:17,205 [INFO] IPUIPlugin:80 - create IPUIPlugin
2026-01-16 12:29:17,281 [INFO] ApiDbMcu:507 - Load IP Config File for PDM2PCM
2026-01-16 12:29:17,486 [INFO] CADModel:165 - CPN selected for project levelSTM32F446RET6
2026-01-16 12:29:17,486 [INFO] CADModel:114 - Register for checkConnection events
2026-01-16 12:29:17,550 [INFO] OpenFileManager:328 - Restore cursor
2026-01-16 12:29:18,582 [INFO] UtilMem:75 - End SaveConfig() Used Memory: 737625856 Bytes (886046720)
2026-01-16 12:29:30,201 [INFO] AnalyticsPlugin:368 - Accepted License(s): [FW.F4.1.27.0]
2026-01-16 12:29:30,201 [INFO] FileExtend:240 - Unzip File : stm32cube_fw_f4_v1270.zip
2026-01-16 12:29:30,201 [INFO] FileExtend:255 - Standard Zip Deflate
2026-01-16 12:30:56,319 [INFO] ServerAccessManage:473 - Download File stm32cube_fw_f4_v1271.zip
2026-01-16 12:30:59,801 [INFO] FileExtend:240 - Unzip File : stm32cube_fw_f4_v1271.zip
2026-01-16 12:30:59,801 [INFO] FileExtend:255 - Standard Zip Deflate
2026-01-16 12:31:01,058 [INFO] LoadServerPackagesThread:196 - End of LoadServerPackages Thread
2026-01-16 12:31:01,225 [INFO] ThirdPartyModel:298 - Start build external matchings
2026-01-16 12:31:01,245 [INFO] UtilMem:75 - End SaveConfig() Used Memory: 1018982872 Bytes (1073741824)
2026-01-16 12:31:01,594 [INFO] ThirdPartyModel:316 - End build external matchings
2026-01-16 12:31:01,602 [INFO] CheckServerUpdateThread:120 - End of CheckServer Thread
2026-01-16 12:31:02,350 [INFO] BlockDiagram:2759 - set Specific Code input for plugin: RCC
2026-01-16 12:31:02,350 [INFO] BlockDiagram:2759 - set Specific Code input for plugin: NVIC
2026-01-16 12:31:02,350 [INFO] BlockDiagram:2759 - set Specific Code input for plugin: GPIO
2026-01-16 12:31:02,397 [INFO] CodeGenerator:793 - code generatio: config db path: C:\ST\STM32CubeIDE_1.12.1\STM32CubeIDE\plugins\com.st.stm32cube.common.mx_6.8.1.202304191431\\db\
2026-01-16 12:31:03,037 [INFO] CodeEngine:255 - oldGeneratedFile, C:\Users\hj.abijuru\Documents\formations_udemy\freertos\RTOS_workspace\FreeRTOS_Project\MXTmpFiles\license.tmp_save
2026-01-16 12:31:03,746 [INFO] CodeEngine:279 - Generated code: C:\Users\hj.abijuru\Documents\formations_udemy\freertos\RTOS_workspace\FreeRTOS_Project\MXTmpFiles\license.tmp
2026-01-16 12:31:03,856 [INFO] CodeEngine:255 - oldGeneratedFile, C:\Users\hj.abijuru\Documents\formations_udemy\freertos\RTOS_workspace\FreeRTOS_Project\MXTmpFiles\gpio.tmp_save
2026-01-16 12:31:04,127 [INFO] CodeEngine:279 - Generated code: C:\Users\hj.abijuru\Documents\formations_udemy\freertos\RTOS_workspace\FreeRTOS_Project\MXTmpFiles\gpio.tmp
2026-01-16 12:31:04,186 [INFO] CodeEngine:255 - oldGeneratedFile, C:\Users\hj.abijuru\Documents\formations_udemy\freertos\RTOS_workspace\FreeRTOS_Project\Core\Src\stm32f4xx_it.c_save
2026-01-16 12:31:04,468 [INFO] CodeEngine:279 - Generated code: C:\Users\hj.abijuru\Documents\formations_udemy\freertos\RTOS_workspace\FreeRTOS_Project\Core\Src\stm32f4xx_it.c
2026-01-16 12:31:04,489 [INFO] CodeEngine:255 - oldGeneratedFile, C:\Users\hj.abijuru\Documents\formations_udemy\freertos\RTOS_workspace\FreeRTOS_Project\Core\Inc\stm32f4xx_it.h_save
2026-01-16 12:31:04,643 [INFO] CodeEngine:279 - Generated code: C:\Users\hj.abijuru\Documents\formations_udemy\freertos\RTOS_workspace\FreeRTOS_Project\Core\Inc\stm32f4xx_it.h
2026-01-16 12:31:04,716 [INFO] CodeEngine:255 - oldGeneratedFile, C:\Users\hj.abijuru\Documents\formations_udemy\freertos\RTOS_workspace\FreeRTOS_Project\Core\Src\stm32f4xx_hal_msp.c_save
2026-01-16 12:31:04,938 [INFO] CodeEngine:279 - Generated code: C:\Users\hj.abijuru\Documents\formations_udemy\freertos\RTOS_workspace\FreeRTOS_Project\Core\Src\stm32f4xx_hal_msp.c
2026-01-16 12:31:04,952 [INFO] CodeEngine:255 - oldGeneratedFile, C:\Users\hj.abijuru\Documents\formations_udemy\freertos\RTOS_workspace\FreeRTOS_Project\MXTmpFiles\system.tmp_save
2026-01-16 12:31:05,070 [INFO] CodeEngine:279 - Generated code: C:\Users\hj.abijuru\Documents\formations_udemy\freertos\RTOS_workspace\FreeRTOS_Project\MXTmpFiles\system.tmp
2026-01-16 12:31:05,099 [INFO] CodeEngine:311 - oldGeneratedFile, C:\Users\hj.abijuru\Documents\formations_udemy\freertos\RTOS_workspace\FreeRTOS_Project\Core\Inc\stm32f4xx_hal_conf.h_save
2026-01-16 12:31:05,323 [INFO] CodeEngine:335 - Generated code: C:\Users\hj.abijuru\Documents\formations_udemy\freertos\RTOS_workspace\FreeRTOS_Project\Core\Inc\stm32f4xx_hal_conf.h
2026-01-16 12:31:05,408 [WARN] IPConfigManager:2937 - Warning: the RefConfig PLL2P_FOR_MCO is not available in your config.xml file
2026-01-16 12:31:05,449 [INFO] CodeEngine:255 - oldGeneratedFile, C:\Users\hj.abijuru\Documents\formations_udemy\freertos\RTOS_workspace\FreeRTOS_Project\Core\Inc\main.h_save
2026-01-16 12:31:05,636 [INFO] CodeEngine:279 - Generated code: C:\Users\hj.abijuru\Documents\formations_udemy\freertos\RTOS_workspace\FreeRTOS_Project\Core\Inc\main.h
2026-01-16 12:31:05,655 [INFO] CodeEngine:255 - oldGeneratedFile, C:\Users\hj.abijuru\Documents\formations_udemy\freertos\RTOS_workspace\FreeRTOS_Project\Core\Src\main.c_save
2026-01-16 12:31:05,865 [INFO] CodeEngine:279 - Generated code: C:\Users\hj.abijuru\Documents\formations_udemy\freertos\RTOS_workspace\FreeRTOS_Project\Core\Src\main.c
2026-01-16 12:31:07,261 [INFO] ProjectBuilder:2996 - Time for Copy HAL[1] : 462mS.
2026-01-16 12:31:07,284 [INFO] ProjectBuilder:4304 - Project Generator version: 3.19.2
2026-01-16 12:31:07,820 [INFO] ConfigFileManager:1483 - The Die is : DIE421
2026-01-16 12:31:07,836 [INFO] ApiDbMcu:507 - Load IP Config File for FATFS
2026-01-16 12:31:07,852 [INFO] ApiDbMcu:507 - Load IP Config File for FREERTOS
2026-01-16 12:31:07,862 [INFO] ApiDbMcu:507 - Load IP Config File for LIBJPEG
2026-01-16 12:31:07,875 [INFO] ApiDbMcu:507 - Load IP Config File for MBEDTLS
2026-01-16 12:31:07,889 [INFO] ApiDbMcu:507 - Load IP Config File for USB_DEVICE
2026-01-16 12:31:07,899 [INFO] ApiDbMcu:507 - Load IP Config File for USB_HOST
2026-01-16 12:31:09,926 [INFO] LogOutputStream:77 - [STDOUT_REDIRECT] 
2026-01-16 12:31:17,340 [INFO] ProjectBuilder:4505 - Time for Generating toolchain IDE Files: 10054mS.
2026-01-16 12:31:17,346 [INFO] ProjectBuilder:2867 - Time for Copy CMSIS : 6mS.
2026-01-16 12:31:17,367 [INFO] ProjectBuilder:2867 - Time for Copy CMSIS : 0mS.
2026-01-16 12:31:19,050 [INFO] McuFinderGlobals:66 - Set McuFinderConnectedMode to true
2026-01-16 12:31:19,059 [INFO] ApiDb:448 - Save user favorites file C:\Users\hj.abijuru/.stm32cubeide/favorites.mcus.txt: 0 item(s)
2026-01-16 12:31:19,059 [INFO] ApiDb:452 - User favorites MCUs=[]
2026-01-16 12:31:19,060 [INFO] ApiDb:448 - Save user favorites file C:\Users\hj.abijuru/.stm32cubeide/favorites.boards.txt: 0 item(s)
2026-01-16 12:31:19,060 [INFO] ApiDb:452 - User favorites Boards=[]
2026-01-16 15:52:30,838 [INFO] UtilMem:75 - End SaveConfig() Used Memory: 700905184 Bytes (1073741824)
2026-01-16 15:52:34,527 [INFO] UtilMem:75 - End SaveConfig() Used Memory: 728168160 Bytes (1073741824)
2026-01-16 15:52:46,644 [INFO] UtilMem:75 - End SaveConfig() Used Memory: 759103200 Bytes (1073741824)
2026-01-16 15:52:46,993 [INFO] BlockDiagram:2759 - set Specific Code input for plugin: SYS
2026-01-16 15:52:46,993 [INFO] BlockDiagram:2759 - set Specific Code input for plugin: RCC
2026-01-16 15:52:46,996 [INFO] BlockDiagram:2759 - set Specific Code input for plugin: NVIC
2026-01-16 15:52:46,996 [INFO] BlockDiagram:2759 - set Specific Code input for plugin: GPIO
2026-01-16 15:52:47,000 [INFO] CodeGenerator:793 - code generatio: config db path: C:\ST\STM32CubeIDE_1.12.1\STM32CubeIDE\plugins\com.st.stm32cube.common.mx_6.8.1.202304191431\\db\
2026-01-16 15:52:47,209 [INFO] CodeEngine:255 - oldGeneratedFile, C:\Users\hj.abijuru\Documents\formations_udemy\freertos\RTOS_workspace\FreeRTOS_Project\MXTmpFiles\license.tmp_save
2026-01-16 15:52:47,351 [INFO] CodeEngine:279 - Generated code: C:\Users\hj.abijuru\Documents\formations_udemy\freertos\RTOS_workspace\FreeRTOS_Project\MXTmpFiles\license.tmp
2026-01-16 15:52:47,422 [INFO] CodeEngine:255 - oldGeneratedFile, C:\Users\hj.abijuru\Documents\formations_udemy\freertos\RTOS_workspace\FreeRTOS_Project\MXTmpFiles\gpio.tmp_save
2026-01-16 15:52:47,563 [INFO] CodeEngine:279 - Generated code: C:\Users\hj.abijuru\Documents\formations_udemy\freertos\RTOS_workspace\FreeRTOS_Project\MXTmpFiles\gpio.tmp
2026-01-16 15:52:47,653 [INFO] CodeEngine:255 - oldGeneratedFile, C:\Users\hj.abijuru\Documents\formations_udemy\freertos\RTOS_workspace\FreeRTOS_Project\Core\Src\stm32f4xx_it.c_save
2026-01-16 15:52:47,945 [INFO] CodeEngine:279 - Generated code: C:\Users\hj.abijuru\Documents\formations_udemy\freertos\RTOS_workspace\FreeRTOS_Project\Core\Src\stm32f4xx_it.c
2026-01-16 15:52:47,973 [INFO] CodeEngine:255 - oldGeneratedFile, C:\Users\hj.abijuru\Documents\formations_udemy\freertos\RTOS_workspace\FreeRTOS_Project\Core\Inc\stm32f4xx_it.h_save
2026-01-16 15:52:48,049 [INFO] CodeEngine:279 - Generated code: C:\Users\hj.abijuru\Documents\formations_udemy\freertos\RTOS_workspace\FreeRTOS_Project\Core\Inc\stm32f4xx_it.h
2026-01-16 15:52:48,096 [INFO] CodeEngine:255 - oldGeneratedFile, C:\Users\hj.abijuru\Documents\formations_udemy\freertos\RTOS_workspace\FreeRTOS_Project\Core\Src\stm32f4xx_hal_msp.c_save
2026-01-16 15:52:48,191 [INFO] CodeEngine:279 - Generated code: C:\Users\hj.abijuru\Documents\formations_udemy\freertos\RTOS_workspace\FreeRTOS_Project\Core\Src\stm32f4xx_hal_msp.c
2026-01-16 15:52:48,207 [INFO] CodeEngine:255 - oldGeneratedFile, C:\Users\hj.abijuru\Documents\formations_udemy\freertos\RTOS_workspace\FreeRTOS_Project\MXTmpFiles\system.tmp_save
2026-01-16 15:52:48,270 [INFO] CodeEngine:279 - Generated code: C:\Users\hj.abijuru\Documents\formations_udemy\freertos\RTOS_workspace\FreeRTOS_Project\MXTmpFiles\system.tmp
2026-01-16 15:52:48,283 [INFO] CodeEngine:255 - oldGeneratedFile, C:\Users\hj.abijuru\Documents\formations_udemy\freertos\RTOS_workspace\FreeRTOS_Project\Core\Src\stm32f4xx_hal_timebase_tim.c_save
2026-01-16 15:52:48,351 [INFO] CodeEngine:279 - Generated code: C:\Users\hj.abijuru\Documents\formations_udemy\freertos\RTOS_workspace\FreeRTOS_Project\Core\Src\stm32f4xx_hal_timebase_tim.c
2026-01-16 15:52:48,381 [INFO] CodeEngine:311 - oldGeneratedFile, C:\Users\hj.abijuru\Documents\formations_udemy\freertos\RTOS_workspace\FreeRTOS_Project\Core\Inc\stm32f4xx_hal_conf.h_save
2026-01-16 15:52:48,461 [INFO] CodeEngine:335 - Generated code: C:\Users\hj.abijuru\Documents\formations_udemy\freertos\RTOS_workspace\FreeRTOS_Project\Core\Inc\stm32f4xx_hal_conf.h
2026-01-16 15:52:48,493 [WARN] IPConfigManager:2937 - Warning: the RefConfig PLL2P_FOR_MCO is not available in your config.xml file
2026-01-16 15:52:48,528 [INFO] CodeEngine:255 - oldGeneratedFile, C:\Users\hj.abijuru\Documents\formations_udemy\freertos\RTOS_workspace\FreeRTOS_Project\Core\Inc\main.h_save
2026-01-16 15:52:48,612 [INFO] CodeEngine:279 - Generated code: C:\Users\hj.abijuru\Documents\formations_udemy\freertos\RTOS_workspace\FreeRTOS_Project\Core\Inc\main.h
2026-01-16 15:52:48,635 [INFO] CodeEngine:255 - oldGeneratedFile, C:\Users\hj.abijuru\Documents\formations_udemy\freertos\RTOS_workspace\FreeRTOS_Project\Core\Src\main.c_save
2026-01-16 15:52:48,729 [INFO] CodeEngine:279 - Generated code: C:\Users\hj.abijuru\Documents\formations_udemy\freertos\RTOS_workspace\FreeRTOS_Project\Core\Src\main.c
2026-01-16 15:52:49,615 [INFO] ProjectBuilder:2996 - Time for Copy HAL[1] : 353mS.
2026-01-16 15:52:49,622 [INFO] ProjectBuilder:4304 - Project Generator version: 3.19.2
2026-01-16 15:52:49,979 [INFO] ConfigFileManager:1483 - The Die is : DIE421
2026-01-16 15:52:51,799 [INFO] ProjectBuilder:4505 - Time for Generating toolchain IDE Files: 2177mS.
2026-01-16 15:52:51,804 [INFO] ProjectBuilder:2867 - Time for Copy CMSIS : 5mS.
2026-01-16 15:52:51,808 [INFO] ProjectBuilder:2867 - Time for Copy CMSIS : 0mS.
2026-01-16 16:48:25,576 [INFO] MainUpdater:2854 - connection check result : 10
2026-01-16 16:48:25,576 [INFO] MainUpdater:2854 - connection check result : 10
2026-01-16 16:48:25,666 [INFO] MicroXplorer:468 - Change Database Path : 
2026-01-16 16:48:25,666 [INFO] MicroXplorer:498 - Change Database Version : DB.6.0.81
2026-01-16 16:48:25,693 [WARN] ThirdParty:871 - waiting for thirdparty lock release [close project]
2026-01-16 16:48:25,693 [INFO] ThirdParty:873 - entering critical section [close project]
2026-01-16 16:48:25,693 [INFO] ThirdParty:883 - exiting critical section [close project]
2026-01-16 16:48:25,693 [INFO] PinOutPanel:1499 - setPackage(No Configuration,No Configuration)
2026-01-16 16:48:25,760 [WARN] IpParametersView:150 - Warning: This peripheral hasn't parameters
2026-01-16 16:48:25,772 [WARN] MainPanel:257 - <html><b><center>Warning: This peripheral has no parameters to be configured<br></b></html>
2026-01-16 16:48:25,787 [INFO] UtilMem:75 - Begin LoadConfig() Used Memory: 814592368 Bytes (1073741824)
2026-01-16 16:48:25,787 [INFO] MicroXplorer:468 - Change Database Path : 
2026-01-16 16:48:25,791 [INFO] MicroXplorer:498 - Change Database Version : DB.6.0.81
2026-01-16 16:48:25,791 [INFO] OpenFileManager:308 - Change cursor
2026-01-16 16:48:25,821 [INFO] RulesReader:64 - Compatibility file has been processed (293 Rules)
2026-01-16 16:48:25,826 [INFO] Mcu:1937 - Initializing MCU STM32F446R(C-E)Tx STM32F446RETx STM32F446RET6
2026-01-16 16:48:27,127 [INFO] Context:659 - Trying to add GPIOservice into a context  which must be forbidden
2026-01-16 16:48:27,485 [INFO] RtosManager:555 - Registered RTOS mode: class=CMSIS, group=RTOS, mode=CMSIS_V1, owner=FREERTOS
2026-01-16 16:48:27,485 [INFO] RtosManager:555 - Registered RTOS mode: class=CMSIS, group=RTOS2, mode=CMSIS_V2, owner=FREERTOS
2026-01-16 16:48:27,487 [INFO] RtosManager:555 - Registered RTOS mode: class=RTOS, group=Core, mode=CMSIS_V1, owner=FREERTOS
2026-01-16 16:48:27,487 [INFO] RtosManager:555 - Registered RTOS mode: class=RTOS, group=Core, mode=CMSIS_V2, owner=FREERTOS
2026-01-16 16:48:27,487 [WARN] ModelIntegratedComponent:184 - Missing modes for component STMicroelectronics:FreeRTOS:0.0.1:STMicroelectronics:RTOS:FreeRTOS:Core:::10.2.0:
2026-01-16 16:48:27,494 [WARN] ModelIntegratedComponent:63 - No mode defined for component null
2026-01-16 16:48:27,494 [WARN] ModelIntegratedComponent:63 - No mode defined for component null
2026-01-16 16:48:27,494 [WARN] ModelIntegratedComponent:63 - No mode defined for component null
2026-01-16 16:48:27,495 [WARN] ModelIntegratedComponent:63 - No mode defined for component null
2026-01-16 16:48:27,495 [WARN] ModelIntegratedComponent:63 - No mode defined for component null
2026-01-16 16:48:27,495 [WARN] ModelIntegratedComponent:63 - No mode defined for component null
2026-01-16 16:48:27,495 [WARN] ModelIntegratedComponent:63 - No mode defined for component null
2026-01-16 16:48:27,495 [WARN] ModelIntegratedComponent:63 - No mode defined for component null
2026-01-16 16:48:27,495 [WARN] ModelIntegratedComponent:63 - No mode defined for component null
2026-01-16 16:48:27,495 [WARN] ModelIntegratedComponent:63 - No mode defined for component null
2026-01-16 16:48:27,495 [WARN] ModelIntegratedComponent:63 - No mode defined for component null
2026-01-16 16:48:27,495 [WARN] ModelIntegratedComponent:63 - No mode defined for component null
2026-01-16 16:48:27,495 [WARN] ModelIntegratedComponent:63 - No mode defined for component null
2026-01-16 16:48:27,495 [WARN] ModelIntegratedComponent:63 - No mode defined for component null
2026-01-16 16:48:27,495 [WARN] ModelIntegratedComponent:63 - No mode defined for component null
2026-01-16 16:48:27,495 [WARN] ModelIntegratedComponent:63 - No mode defined for component null
2026-01-16 16:48:27,495 [WARN] ModelIntegratedComponent:63 - No mode defined for component null
2026-01-16 16:48:27,495 [WARN] ModelIntegratedComponent:63 - No mode defined for component null
2026-01-16 16:48:27,495 [WARN] ModelIntegratedComponent:63 - No mode defined for component null
2026-01-16 16:48:27,495 [WARN] ModelIntegratedComponent:63 - No mode defined for component null
2026-01-16 16:48:27,495 [WARN] ModelIntegratedComponent:63 - No mode defined for component null
2026-01-16 16:48:27,495 [WARN] ModelIntegratedComponent:63 - No mode defined for component null
2026-01-16 16:48:27,495 [WARN] ModelIntegratedComponent:63 - No mode defined for component null
2026-01-16 16:48:27,495 [WARN] ModelIntegratedComponent:63 - No mode defined for component null
2026-01-16 16:48:27,495 [WARN] ModelIntegratedComponent:63 - No mode defined for component null
2026-01-16 16:48:27,495 [WARN] ModelIntegratedComponent:63 - No mode defined for component null
2026-01-16 16:48:27,495 [WARN] ModelIntegratedComponent:63 - No mode defined for component null
2026-01-16 16:48:27,495 [WARN] ModelIntegratedComponent:63 - No mode defined for component null
2026-01-16 16:48:27,495 [WARN] ModelIntegratedComponent:63 - No mode defined for component null
2026-01-16 16:48:27,495 [WARN] ModelIntegratedComponent:63 - No mode defined for component null
2026-01-16 16:48:27,495 [WARN] ModelIntegratedComponent:63 - No mode defined for component null
2026-01-16 16:48:27,495 [WARN] ModelIntegratedComponent:63 - No mode defined for component null
2026-01-16 16:48:27,497 [WARN] ModelIntegratedComponent:63 - No mode defined for component null
2026-01-16 16:48:27,543 [INFO] ThirdPartyModel:298 - Start build external matchings
2026-01-16 16:48:27,720 [INFO] ThirdPartyModel:316 - End build external matchings
2026-01-16 16:48:27,984 [INFO] UtilMem:75 - End LoadConfig() Used Memory: 940912704 Bytes (1073741824)
2026-01-16 16:48:28,031 [WARN] ThirdParty:833 - waiting for thirdparty lock release [change project]
2026-01-16 16:48:28,031 [INFO] ThirdParty:835 - entering critical section [change project]
2026-01-16 16:48:28,031 [INFO] ThirdParty:1030 - CMSIS Pack Vendor :STMicroelectronics X-CUBE-PM33A1 1.0.0
2026-01-16 16:48:28,031 [INFO] ThirdParty:1030 - CMSIS Pack Vendor :STMicroelectronics X-CUBE-NFC9 1.0.0
2026-01-16 16:48:28,031 [INFO] ThirdParty:1030 - CMSIS Pack Vendor :STMicroelectronics USB_HOST 2.0.0
2026-01-16 16:48:28,031 [INFO] ThirdParty:1030 - CMSIS Pack Vendor :STMicroelectronics FP-SNS-MOTENVWB1 1.4.0
2026-01-16 16:48:28,031 [INFO] ThirdParty:1030 - CMSIS Pack Vendor :STMicroelectronics X-CUBE-AZRTOS-F4 1.1.0
2026-01-16 16:48:28,031 [INFO] ThirdParty:1030 - CMSIS Pack Vendor :STMicroelectronics LIBJPEG 8.0.0
2026-01-16 16:48:28,031 [INFO] ThirdParty:1030 - CMSIS Pack Vendor :STMicroelectronics FP-ATR-ASTRA1 2.0.2
2026-01-16 16:48:28,031 [INFO] ThirdParty:1030 - CMSIS Pack Vendor :STMicroelectronics X-CUBE-BLE1 7.1.0
2026-01-16 16:48:28,031 [INFO] ThirdParty:1030 - CMSIS Pack Vendor :STMicroelectronics X-CUBE-SMBUS 2.1.0
2026-01-16 16:48:28,031 [INFO] ThirdParty:1030 - CMSIS Pack Vendor :wolfSSL I-CUBE-wolfMQTT 1.19.2
2026-01-16 16:48:28,031 [INFO] ThirdParty:1030 - CMSIS Pack Vendor :STMicroelectronics USB_DEVICE 3.0.0
2026-01-16 16:48:28,031 [INFO] ThirdParty:1030 - CMSIS Pack Vendor :STMicroelectronics X-CUBE-ISPU 2.1.0
2026-01-16 16:48:28,031 [INFO] ThirdParty:1030 - CMSIS Pack Vendor :STMicroelectronics X-CUBE-EEPRMA1 5.2.0
2026-01-16 16:48:28,031 [INFO] ThirdParty:1030 - CMSIS Pack Vendor :STMicroelectronics X-CUBE-AZRTOS-WB 2.0.0
2026-01-16 16:48:28,031 [INFO] ThirdParty:1030 - CMSIS Pack Vendor :wolfSSL I-CUBE-wolfSSL 5.8.4
2026-01-16 16:48:28,031 [INFO] ThirdParty:1030 - CMSIS Pack Vendor :STMicroelectronics X-CUBE-NFC12 1.0.0
2026-01-16 16:48:28,031 [INFO] ThirdParty:1030 - CMSIS Pack Vendor :STMicroelectronics X-CUBE-AZRTOS-F7 1.1.0
2026-01-16 16:48:28,031 [INFO] ThirdParty:1030 - CMSIS Pack Vendor :STMicroelectronics X-CUBE-AZRTOS-L5 2.0.0
2026-01-16 16:48:28,031 [INFO] ThirdParty:1030 - CMSIS Pack Vendor :STMicroelectronics USB_DEVICE 2.0.0
2026-01-16 16:48:28,031 [INFO] ThirdParty:1030 - CMSIS Pack Vendor :STMicroelectronics X-CUBE-NFC6 3.1.0
2026-01-16 16:48:28,031 [INFO] ThirdParty:1030 - CMSIS Pack Vendor :STMicroelectronics X-CUBE-MEMS1 12.0.0
2026-01-16 16:48:28,031 [INFO] ThirdParty:1030 - CMSIS Pack Vendor :STMicroelectronics FreeRTOS 0.0.1
2026-01-16 16:48:28,031 [INFO] ThirdParty:1030 - CMSIS Pack Vendor :STMicroelectronics X-CUBE-AZRTOS-G0 1.1.0
2026-01-16 16:48:28,031 [INFO] ThirdParty:1030 - CMSIS Pack Vendor :STMicroelectronics X-CUBE-NFC4 3.0.0
2026-01-16 16:48:28,031 [INFO] ThirdParty:1030 - CMSIS Pack Vendor :STMicroelectronics X-CUBE-SUBG2 5.0.0
2026-01-16 16:48:28,031 [INFO] ThirdParty:1030 - CMSIS Pack Vendor :STMicroelectronics STM32_WPAN 1.0.0
2026-01-16 16:48:28,031 [INFO] ThirdParty:1030 - CMSIS Pack Vendor :STMicroelectronics lwIP 2.0.3
2026-01-16 16:48:28,031 [INFO] ThirdParty:1030 - CMSIS Pack Vendor :STMicroelectronics USB_HOST 1.0.0
2026-01-16 16:48:28,031 [INFO] ThirdParty:1030 - CMSIS Pack Vendor :STMicroelectronics X-CUBE-AZRTOS-G4 2.0.0
2026-01-16 16:48:28,031 [INFO] ThirdParty:1030 - CMSIS Pack Vendor :STMicroelectronics X-CUBE-WB05N 2.0.0
2026-01-16 16:48:28,031 [INFO] ThirdParty:1030 - CMSIS Pack Vendor :STMicroelectronics PDM2PCM 3.1.0
2026-01-16 16:48:28,031 [INFO] ThirdParty:1030 - CMSIS Pack Vendor :STMicroelectronics PDM2PCM 3.3.0
2026-01-16 16:48:28,031 [INFO] ThirdParty:1030 - CMSIS Pack Vendor :wolfSSL I-CUBE-wolfTPM 3.8.0
2026-01-16 16:48:28,031 [INFO] ThirdParty:1030 - CMSIS Pack Vendor :STMicroelectronics X-CUBE-AZRTOS-H7 3.4.0
2026-01-16 16:48:28,031 [INFO] ThirdParty:1030 - CMSIS Pack Vendor :STMicroelectronics X-CUBE-DISPLAY 3.0.0
2026-01-16 16:48:28,031 [INFO] ThirdParty:1030 - CMSIS Pack Vendor :wolfSSL I-CUBE-wolfSSH 1.4.20
2026-01-16 16:48:28,031 [INFO] ThirdParty:1030 - CMSIS Pack Vendor :STMicroelectronics X-CUBE-NFC7 2.0.0
2026-01-16 16:48:28,031 [INFO] ThirdParty:1030 - CMSIS Pack Vendor :STMicroelectronics FP-ATR-SIGFOX1 3.2.0
2026-01-16 16:48:28,031 [INFO] ThirdParty:1030 - CMSIS Pack Vendor :STMicroelectronics X-CUBE-NFC10 1.0.0
2026-01-16 16:48:28,031 [INFO] ThirdParty:1030 - CMSIS Pack Vendor :STMicroelectronics HAL Drivers 0.0.0
2026-01-16 16:48:28,031 [INFO] ThirdParty:1030 - CMSIS Pack Vendor :STMicroelectronics MBEDTLS 2.16.2
2026-01-16 16:48:28,031 [INFO] ThirdParty:1030 - CMSIS Pack Vendor :STMicroelectronics X-CUBE-ALS 1.0.2
2026-01-16 16:48:28,031 [INFO] ThirdParty:1030 - CMSIS Pack Vendor :emotas I-CUBE-CANOPEN 1.3.0
2026-01-16 16:48:28,031 [INFO] ThirdParty:1030 - CMSIS Pack Vendor :STMicroelectronics MBEDTLS 2.14.1
2026-01-16 16:48:28,031 [INFO] ThirdParty:1030 - CMSIS Pack Vendor :STMicroelectronics X-CUBE-GNSS1 7.1.0
2026-01-16 16:48:28,031 [INFO] ThirdParty:1030 - CMSIS Pack Vendor :ITTIA_DB I-CUBE-ITTIADB 8.9.0
2026-01-16 16:48:28,031 [INFO] ThirdParty:1030 - CMSIS Pack Vendor :STMicroelectronics X-CUBE-TOUCHGFX 4.26.0
2026-01-16 16:48:28,031 [INFO] ThirdParty:1030 - CMSIS Pack Vendor :STMicroelectronics X-CUBE-STSE01 1.0.0
2026-01-16 16:48:28,031 [INFO] ThirdParty:1030 - CMSIS Pack Vendor :STMicroelectronics X-CUBE-AI 10.2.0
2026-01-16 16:48:28,031 [INFO] ThirdParty:1030 - CMSIS Pack Vendor :STMicroelectronics ThreadX 1.0.0
2026-01-16 16:48:28,031 [INFO] ThirdParty:1030 - CMSIS Pack Vendor :STMicroelectronics FP-SNS-SMARTAG2 1.2.0
2026-01-16 16:48:28,031 [INFO] ThirdParty:1030 - CMSIS Pack Vendor :STMicroelectronics X-CUBE-AZRTOS-WL 2.0.0
2026-01-16 16:48:28,031 [INFO] ThirdParty:1030 - CMSIS Pack Vendor :SEGGER I-CUBE-embOS 1.3.1
2026-01-16 16:48:28,031 [INFO] ThirdParty:1030 - CMSIS Pack Vendor :STMicroelectronics X-CUBE-ALGOBUILD 1.4.0
2026-01-16 16:48:28,031 [INFO] ThirdParty:1030 - CMSIS Pack Vendor :STMicroelectronics USB_DEVICE 1.0.0
2026-01-16 16:48:28,031 [INFO] ThirdParty:1030 - CMSIS Pack Vendor :STMicroelectronics X-CUBE-AZRTOS-H7RS 1.2.0
2026-01-16 16:48:28,031 [INFO] ThirdParty:1030 - CMSIS Pack Vendor :STMicroelectronics X-CUBE-AZRTOS-L4 2.0.0
2026-01-16 16:48:28,031 [INFO] ThirdParty:1030 - CMSIS Pack Vendor :STMicroelectronics ThreadX 0.0.2
2026-01-16 16:48:28,031 [INFO] ThirdParty:1030 - CMSIS Pack Vendor :STMicroelectronics lwIP 2.1.2
2026-01-16 16:48:28,031 [INFO] ThirdParty:1030 - CMSIS Pack Vendor :STMicroelectronics X-CUBE-SFXS2LP1 4.0.0
2026-01-16 16:48:28,031 [INFO] ThirdParty:1030 - CMSIS Pack Vendor :STMicroelectronics X-CUBE-BLE2 3.3.0
2026-01-16 16:48:28,031 [INFO] ThirdParty:1030 - CMSIS Pack Vendor :STMicroelectronics PDM2PCM 3.2.0
2026-01-16 16:48:28,031 [INFO] ThirdParty:841 - exiting critical section [change project]
2026-01-16 16:48:28,276 [INFO] PinOutPanel:1499 - setPackage(No Configuration,No Configuration)
2026-01-16 16:48:28,279 [INFO] PinOutPanel:1499 - setPackage(STM32F446RETx,LQFP64)
2026-01-16 16:48:28,619 [INFO] UtilMem:75 - Before build in PCC Used Memory: 914156280 Bytes (1073741824)
2026-01-16 16:48:29,012 [INFO] UtilMem:75 - After build in PCC Used Memory: 748071912 Bytes (1073741824)
2026-01-16 16:48:29,029 [INFO] IPUIPlugin:80 - create IPUIPlugin
2026-01-16 16:48:29,029 [INFO] IPUIPlugin:80 - create IPUIPlugin
2026-01-16 16:48:29,029 [INFO] IPUIPlugin:80 - create IPUIPlugin
2026-01-16 16:48:29,029 [INFO] IPUIPlugin:80 - create IPUIPlugin
2026-01-16 16:48:29,029 [INFO] IPUIPlugin:80 - create IPUIPlugin
2026-01-16 16:48:29,029 [INFO] IPUIPlugin:80 - create IPUIPlugin
2026-01-16 16:48:29,029 [INFO] IPUIPlugin:80 - create IPUIPlugin
2026-01-16 16:48:29,029 [INFO] IPUIPlugin:80 - create IPUIPlugin
2026-01-16 16:48:29,029 [INFO] IPUIPlugin:80 - create IPUIPlugin
2026-01-16 16:48:29,029 [INFO] IPUIPlugin:80 - create IPUIPlugin
2026-01-16 16:48:29,029 [INFO] IPUIPlugin:80 - create IPUIPlugin
2026-01-16 16:48:29,029 [INFO] IPUIPlugin:80 - create IPUIPlugin
2026-01-16 16:48:29,029 [INFO] IPUIPlugin:80 - create IPUIPlugin
2026-01-16 16:48:29,029 [INFO] IPUIPlugin:80 - create IPUIPlugin
2026-01-16 16:48:29,029 [INFO] IPUIPlugin:80 - create IPUIPlugin
2026-01-16 16:48:29,029 [INFO] IPUIPlugin:80 - create IPUIPlugin
2026-01-16 16:48:29,029 [INFO] IPUIPlugin:80 - create IPUIPlugin
2026-01-16 16:48:29,031 [INFO] IPUIPlugin:80 - create IPUIPlugin
2026-01-16 16:48:29,031 [INFO] IPUIPlugin:80 - create IPUIPlugin
2026-01-16 16:48:29,031 [INFO] IPUIPlugin:80 - create IPUIPlugin
2026-01-16 16:48:29,031 [INFO] IPUIPlugin:80 - create IPUIPlugin
2026-01-16 16:48:29,031 [INFO] IPUIPlugin:80 - create IPUIPlugin
2026-01-16 16:48:29,031 [INFO] IPUIPlugin:80 - create IPUIPlugin
2026-01-16 16:48:29,031 [INFO] IPUIPlugin:80 - create IPUIPlugin
2026-01-16 16:48:29,031 [INFO] IPUIPlugin:80 - create IPUIPlugin
2026-01-16 16:48:29,031 [INFO] IPUIPlugin:80 - create IPUIPlugin
2026-01-16 16:48:29,031 [INFO] IPUIPlugin:80 - create IPUIPlugin
2026-01-16 16:48:29,031 [INFO] IPUIPlugin:80 - create IPUIPlugin
2026-01-16 16:48:29,031 [INFO] IPUIPlugin:80 - create IPUIPlugin
2026-01-16 16:48:29,031 [INFO] IPUIPlugin:80 - create IPUIPlugin
2026-01-16 16:48:29,031 [INFO] IPUIPlugin:80 - create IPUIPlugin
2026-01-16 16:48:29,031 [INFO] IPUIPlugin:80 - create IPUIPlugin
2026-01-16 16:48:29,031 [INFO] IPUIPlugin:80 - create IPUIPlugin
2026-01-16 16:48:29,031 [INFO] IPUIPlugin:80 - create IPUIPlugin
2026-01-16 16:48:29,031 [INFO] IPUIPlugin:80 - create IPUIPlugin
2026-01-16 16:48:29,031 [INFO] IPUIPlugin:80 - create IPUIPlugin
2026-01-16 16:48:29,031 [INFO] IPUIPlugin:80 - create IPUIPlugin
2026-01-16 16:48:29,031 [INFO] IPUIPlugin:80 - create IPUIPlugin
2026-01-16 16:48:29,031 [INFO] IPUIPlugin:80 - create IPUIPlugin
2026-01-16 16:48:29,031 [INFO] IPUIPlugin:80 - create IPUIPlugin
2026-01-16 16:48:29,031 [INFO] IPUIPlugin:80 - create IPUIPlugin
2026-01-16 16:48:29,035 [INFO] IPUIPlugin:80 - create IPUIPlugin
2026-01-16 16:48:29,035 [INFO] IPUIPlugin:80 - create IPUIPlugin
2026-01-16 16:48:29,035 [INFO] IPUIPlugin:80 - create IPUIPlugin
2026-01-16 16:48:29,035 [INFO] IPUIPlugin:80 - create IPUIPlugin
2026-01-16 16:48:29,035 [INFO] IPUIPlugin:80 - create IPUIPlugin
2026-01-16 16:48:29,035 [INFO] IPUIPlugin:80 - create IPUIPlugin
2026-01-16 16:48:29,037 [INFO] IPUIPlugin:80 - create IPUIPlugin
2026-01-16 16:48:29,037 [INFO] IPUIPlugin:80 - create IPUIPlugin
2026-01-16 16:48:29,037 [INFO] IPUIPlugin:80 - create IPUIPlugin
2026-01-16 16:48:29,037 [INFO] IPUIPlugin:80 - create IPUIPlugin
2026-01-16 16:48:29,037 [INFO] IPUIPlugin:80 - create IPUIPlugin
2026-01-16 16:48:29,037 [INFO] IPUIPlugin:80 - create IPUIPlugin
2026-01-16 16:48:29,039 [INFO] IPUIPlugin:80 - create IPUIPlugin
2026-01-16 16:48:29,039 [INFO] IPUIPlugin:80 - create IPUIPlugin
2026-01-16 16:48:29,039 [INFO] IPUIPlugin:80 - create IPUIPlugin
2026-01-16 16:48:29,039 [INFO] IPUIPlugin:80 - create IPUIPlugin
2026-01-16 16:48:29,039 [INFO] IPUIPlugin:80 - create IPUIPlugin
2026-01-16 16:48:29,041 [INFO] IPUIPlugin:80 - create IPUIPlugin
2026-01-16 16:48:29,041 [INFO] IPUIPlugin:80 - create IPUIPlugin
2026-01-16 16:48:29,047 [INFO] ApiDbMcu:507 - Load IP Config File for PDM2PCM
2026-01-16 16:48:29,061 [INFO] CADModel:165 - CPN selected for project levelSTM32F446RET6
2026-01-16 16:48:29,061 [INFO] CADModel:114 - Register for checkConnection events
2026-01-16 16:48:29,130 [INFO] OpenFileManager:328 - Restore cursor
2026-01-16 16:49:44,656 [INFO] MainUpdater:2854 - connection check result : 10
2026-01-16 16:49:44,656 [INFO] MainUpdater:2854 - connection check result : 10
2026-01-16 16:49:44,726 [INFO] MicroXplorer:468 - Change Database Path : 
2026-01-16 16:49:44,726 [INFO] MicroXplorer:498 - Change Database Version : DB.6.0.81
2026-01-16 16:49:44,799 [WARN] ThirdParty:871 - waiting for thirdparty lock release [close project]
2026-01-16 16:49:44,799 [INFO] ThirdParty:873 - entering critical section [close project]
2026-01-16 16:49:44,803 [INFO] ThirdParty:883 - exiting critical section [close project]
2026-01-16 16:49:44,821 [INFO] PinOutPanel:1499 - setPackage(No Configuration,No Configuration)
2026-01-16 16:49:44,844 [WARN] IpParametersView:150 - Warning: This peripheral hasn't parameters
2026-01-16 16:49:44,875 [WARN] MainPanel:257 - <html><b><center>Warning: This peripheral has no parameters to be configured<br></b></html>
2026-01-16 16:49:44,918 [INFO] UtilMem:75 - Begin LoadConfig() Used Memory: 720002256 Bytes (1073741824)
2026-01-16 16:49:44,928 [INFO] MicroXplorer:468 - Change Database Path : 
2026-01-16 16:49:44,928 [INFO] MicroXplorer:498 - Change Database Version : DB.6.0.81
2026-01-16 16:49:44,928 [INFO] OpenFileManager:308 - Change cursor
2026-01-16 16:49:45,042 [INFO] Mcu:1937 - Initializing MCU STM32F446R(C-E)Tx STM32F446RETx STM32F446RET6
2026-01-16 16:49:46,830 [INFO] Context:659 - Trying to add GPIOservice into a context  which must be forbidden
2026-01-16 16:49:47,096 [INFO] RtosManager:555 - Registered RTOS mode: class=CMSIS, group=RTOS, mode=CMSIS_V1, owner=FREERTOS
2026-01-16 16:49:47,096 [INFO] RtosManager:555 - Registered RTOS mode: class=CMSIS, group=RTOS2, mode=CMSIS_V2, owner=FREERTOS
2026-01-16 16:49:47,096 [INFO] RtosManager:555 - Registered RTOS mode: class=RTOS, group=Core, mode=CMSIS_V1, owner=FREERTOS
2026-01-16 16:49:47,096 [INFO] RtosManager:555 - Registered RTOS mode: class=RTOS, group=Core, mode=CMSIS_V2, owner=FREERTOS
2026-01-16 16:49:47,096 [WARN] ModelIntegratedComponent:184 - Missing modes for component STMicroelectronics:FreeRTOS:0.0.1:STMicroelectronics:RTOS:FreeRTOS:Core:::10.2.0:
2026-01-16 16:49:47,104 [WARN] ModelIntegratedComponent:63 - No mode defined for component null
2026-01-16 16:49:47,104 [WARN] ModelIntegratedComponent:63 - No mode defined for component null
2026-01-16 16:49:47,104 [WARN] ModelIntegratedComponent:63 - No mode defined for component null
2026-01-16 16:49:47,104 [WARN] ModelIntegratedComponent:63 - No mode defined for component null
2026-01-16 16:49:47,104 [WARN] ModelIntegratedComponent:63 - No mode defined for component null
2026-01-16 16:49:47,104 [WARN] ModelIntegratedComponent:63 - No mode defined for component null
2026-01-16 16:49:47,104 [WARN] ModelIntegratedComponent:63 - No mode defined for component null
2026-01-16 16:49:47,104 [WARN] ModelIntegratedComponent:63 - No mode defined for component null
2026-01-16 16:49:47,104 [WARN] ModelIntegratedComponent:63 - No mode defined for component null
2026-01-16 16:49:47,104 [WARN] ModelIntegratedComponent:63 - No mode defined for component null
2026-01-16 16:49:47,104 [WARN] ModelIntegratedComponent:63 - No mode defined for component null
2026-01-16 16:49:47,104 [WARN] ModelIntegratedComponent:63 - No mode defined for component null
2026-01-16 16:49:47,104 [WARN] ModelIntegratedComponent:63 - No mode defined for component null
2026-01-16 16:49:47,104 [WARN] ModelIntegratedComponent:63 - No mode defined for component null
2026-01-16 16:49:47,104 [WARN] ModelIntegratedComponent:63 - No mode defined for component null
2026-01-16 16:49:47,104 [WARN] ModelIntegratedComponent:63 - No mode defined for component null
2026-01-16 16:49:47,104 [WARN] ModelIntegratedComponent:63 - No mode defined for component null
2026-01-16 16:49:47,104 [WARN] ModelIntegratedComponent:63 - No mode defined for component null
2026-01-16 16:49:47,104 [WARN] ModelIntegratedComponent:63 - No mode defined for component null
2026-01-16 16:49:47,104 [WARN] ModelIntegratedComponent:63 - No mode defined for component null
2026-01-16 16:49:47,104 [WARN] ModelIntegratedComponent:63 - No mode defined for component null
2026-01-16 16:49:47,104 [WARN] ModelIntegratedComponent:63 - No mode defined for component null
2026-01-16 16:49:47,104 [WARN] ModelIntegratedComponent:63 - No mode defined for component null
2026-01-16 16:49:47,104 [WARN] ModelIntegratedComponent:63 - No mode defined for component null
2026-01-16 16:49:47,106 [WARN] ModelIntegratedComponent:63 - No mode defined for component null
2026-01-16 16:49:47,106 [WARN] ModelIntegratedComponent:63 - No mode defined for component null
2026-01-16 16:49:47,106 [WARN] ModelIntegratedComponent:63 - No mode defined for component null
2026-01-16 16:49:47,106 [WARN] ModelIntegratedComponent:63 - No mode defined for component null
2026-01-16 16:49:47,106 [WARN] ModelIntegratedComponent:63 - No mode defined for component null
2026-01-16 16:49:47,106 [WARN] ModelIntegratedComponent:63 - No mode defined for component null
2026-01-16 16:49:47,106 [WARN] ModelIntegratedComponent:63 - No mode defined for component null
2026-01-16 16:49:47,106 [WARN] ModelIntegratedComponent:63 - No mode defined for component null
2026-01-16 16:49:47,106 [WARN] ModelIntegratedComponent:63 - No mode defined for component null
2026-01-16 16:49:47,113 [INFO] ThirdPartyModel:298 - Start build external matchings
2026-01-16 16:49:47,376 [INFO] ThirdPartyModel:316 - End build external matchings
2026-01-16 16:49:47,684 [INFO] UtilMem:75 - End LoadConfig() Used Memory: 825622600 Bytes (1073741824)
2026-01-16 16:49:47,730 [WARN] ThirdParty:833 - waiting for thirdparty lock release [change project]
2026-01-16 16:49:47,730 [INFO] ThirdParty:835 - entering critical section [change project]
2026-01-16 16:49:47,730 [INFO] ThirdParty:1030 - CMSIS Pack Vendor :STMicroelectronics X-CUBE-PM33A1 1.0.0
2026-01-16 16:49:47,730 [INFO] ThirdParty:1030 - CMSIS Pack Vendor :STMicroelectronics X-CUBE-NFC9 1.0.0
2026-01-16 16:49:47,730 [INFO] ThirdParty:1030 - CMSIS Pack Vendor :STMicroelectronics USB_HOST 2.0.0
2026-01-16 16:49:47,730 [INFO] ThirdParty:1030 - CMSIS Pack Vendor :STMicroelectronics FP-SNS-MOTENVWB1 1.4.0
2026-01-16 16:49:47,730 [INFO] ThirdParty:1030 - CMSIS Pack Vendor :STMicroelectronics X-CUBE-AZRTOS-F4 1.1.0
2026-01-16 16:49:47,730 [INFO] ThirdParty:1030 - CMSIS Pack Vendor :STMicroelectronics LIBJPEG 8.0.0
2026-01-16 16:49:47,730 [INFO] ThirdParty:1030 - CMSIS Pack Vendor :STMicroelectronics FP-ATR-ASTRA1 2.0.2
2026-01-16 16:49:47,730 [INFO] ThirdParty:1030 - CMSIS Pack Vendor :STMicroelectronics X-CUBE-BLE1 7.1.0
2026-01-16 16:49:47,730 [INFO] ThirdParty:1030 - CMSIS Pack Vendor :STMicroelectronics X-CUBE-SMBUS 2.1.0
2026-01-16 16:49:47,730 [INFO] ThirdParty:1030 - CMSIS Pack Vendor :wolfSSL I-CUBE-wolfMQTT 1.19.2
2026-01-16 16:49:47,730 [INFO] ThirdParty:1030 - CMSIS Pack Vendor :STMicroelectronics USB_DEVICE 3.0.0
2026-01-16 16:49:47,730 [INFO] ThirdParty:1030 - CMSIS Pack Vendor :STMicroelectronics X-CUBE-ISPU 2.1.0
2026-01-16 16:49:47,730 [INFO] ThirdParty:1030 - CMSIS Pack Vendor :STMicroelectronics X-CUBE-EEPRMA1 5.2.0
2026-01-16 16:49:47,730 [INFO] ThirdParty:1030 - CMSIS Pack Vendor :STMicroelectronics X-CUBE-AZRTOS-WB 2.0.0
2026-01-16 16:49:47,730 [INFO] ThirdParty:1030 - CMSIS Pack Vendor :wolfSSL I-CUBE-wolfSSL 5.8.4
2026-01-16 16:49:47,730 [INFO] ThirdParty:1030 - CMSIS Pack Vendor :STMicroelectronics X-CUBE-NFC12 1.0.0
2026-01-16 16:49:47,730 [INFO] ThirdParty:1030 - CMSIS Pack Vendor :STMicroelectronics X-CUBE-AZRTOS-F7 1.1.0
2026-01-16 16:49:47,730 [INFO] ThirdParty:1030 - CMSIS Pack Vendor :STMicroelectronics X-CUBE-AZRTOS-L5 2.0.0
2026-01-16 16:49:47,730 [INFO] ThirdParty:1030 - CMSIS Pack Vendor :STMicroelectronics USB_DEVICE 2.0.0
2026-01-16 16:49:47,730 [INFO] ThirdParty:1030 - CMSIS Pack Vendor :STMicroelectronics X-CUBE-NFC6 3.1.0
2026-01-16 16:49:47,730 [INFO] ThirdParty:1030 - CMSIS Pack Vendor :STMicroelectronics X-CUBE-MEMS1 12.0.0
2026-01-16 16:49:47,730 [INFO] ThirdParty:1030 - CMSIS Pack Vendor :STMicroelectronics FreeRTOS 0.0.1
2026-01-16 16:49:47,730 [INFO] ThirdParty:1030 - CMSIS Pack Vendor :STMicroelectronics X-CUBE-AZRTOS-G0 1.1.0
2026-01-16 16:49:47,730 [INFO] ThirdParty:1030 - CMSIS Pack Vendor :STMicroelectronics X-CUBE-NFC4 3.0.0
2026-01-16 16:49:47,730 [INFO] ThirdParty:1030 - CMSIS Pack Vendor :STMicroelectronics X-CUBE-SUBG2 5.0.0
2026-01-16 16:49:47,730 [INFO] ThirdParty:1030 - CMSIS Pack Vendor :STMicroelectronics STM32_WPAN 1.0.0
2026-01-16 16:49:47,730 [INFO] ThirdParty:1030 - CMSIS Pack Vendor :STMicroelectronics lwIP 2.0.3
2026-01-16 16:49:47,730 [INFO] ThirdParty:1030 - CMSIS Pack Vendor :STMicroelectronics USB_HOST 1.0.0
2026-01-16 16:49:47,730 [INFO] ThirdParty:1030 - CMSIS Pack Vendor :STMicroelectronics X-CUBE-AZRTOS-G4 2.0.0
2026-01-16 16:49:47,730 [INFO] ThirdParty:1030 - CMSIS Pack Vendor :STMicroelectronics X-CUBE-WB05N 2.0.0
2026-01-16 16:49:47,730 [INFO] ThirdParty:1030 - CMSIS Pack Vendor :STMicroelectronics PDM2PCM 3.1.0
2026-01-16 16:49:47,730 [INFO] ThirdParty:1030 - CMSIS Pack Vendor :STMicroelectronics PDM2PCM 3.3.0
2026-01-16 16:49:47,730 [INFO] ThirdParty:1030 - CMSIS Pack Vendor :wolfSSL I-CUBE-wolfTPM 3.8.0
2026-01-16 16:49:47,730 [INFO] ThirdParty:1030 - CMSIS Pack Vendor :STMicroelectronics X-CUBE-AZRTOS-H7 3.4.0
2026-01-16 16:49:47,730 [INFO] ThirdParty:1030 - CMSIS Pack Vendor :STMicroelectronics X-CUBE-DISPLAY 3.0.0
2026-01-16 16:49:47,730 [INFO] ThirdParty:1030 - CMSIS Pack Vendor :wolfSSL I-CUBE-wolfSSH 1.4.20
2026-01-16 16:49:47,730 [INFO] ThirdParty:1030 - CMSIS Pack Vendor :STMicroelectronics X-CUBE-NFC7 2.0.0
2026-01-16 16:49:47,730 [INFO] ThirdParty:1030 - CMSIS Pack Vendor :STMicroelectronics FP-ATR-SIGFOX1 3.2.0
2026-01-16 16:49:47,730 [INFO] ThirdParty:1030 - CMSIS Pack Vendor :STMicroelectronics X-CUBE-NFC10 1.0.0
2026-01-16 16:49:47,730 [INFO] ThirdParty:1030 - CMSIS Pack Vendor :STMicroelectronics HAL Drivers 0.0.0
2026-01-16 16:49:47,730 [INFO] ThirdParty:1030 - CMSIS Pack Vendor :STMicroelectronics MBEDTLS 2.16.2
2026-01-16 16:49:47,730 [INFO] ThirdParty:1030 - CMSIS Pack Vendor :STMicroelectronics X-CUBE-ALS 1.0.2
2026-01-16 16:49:47,730 [INFO] ThirdParty:1030 - CMSIS Pack Vendor :emotas I-CUBE-CANOPEN 1.3.0
2026-01-16 16:49:47,730 [INFO] ThirdParty:1030 - CMSIS Pack Vendor :STMicroelectronics MBEDTLS 2.14.1
2026-01-16 16:49:47,730 [INFO] ThirdParty:1030 - CMSIS Pack Vendor :STMicroelectronics X-CUBE-GNSS1 7.1.0
2026-01-16 16:49:47,730 [INFO] ThirdParty:1030 - CMSIS Pack Vendor :ITTIA_DB I-CUBE-ITTIADB 8.9.0
2026-01-16 16:49:47,730 [INFO] ThirdParty:1030 - CMSIS Pack Vendor :STMicroelectronics X-CUBE-TOUCHGFX 4.26.0
2026-01-16 16:49:47,730 [INFO] ThirdParty:1030 - CMSIS Pack Vendor :STMicroelectronics X-CUBE-STSE01 1.0.0
2026-01-16 16:49:47,730 [INFO] ThirdParty:1030 - CMSIS Pack Vendor :STMicroelectronics X-CUBE-AI 10.2.0
2026-01-16 16:49:47,730 [INFO] ThirdParty:1030 - CMSIS Pack Vendor :STMicroelectronics ThreadX 1.0.0
2026-01-16 16:49:47,730 [INFO] ThirdParty:1030 - CMSIS Pack Vendor :STMicroelectronics FP-SNS-SMARTAG2 1.2.0
2026-01-16 16:49:47,730 [INFO] ThirdParty:1030 - CMSIS Pack Vendor :STMicroelectronics X-CUBE-AZRTOS-WL 2.0.0
2026-01-16 16:49:47,730 [INFO] ThirdParty:1030 - CMSIS Pack Vendor :SEGGER I-CUBE-embOS 1.3.1
2026-01-16 16:49:47,730 [INFO] ThirdParty:1030 - CMSIS Pack Vendor :STMicroelectronics X-CUBE-ALGOBUILD 1.4.0
2026-01-16 16:49:47,730 [INFO] ThirdParty:1030 - CMSIS Pack Vendor :STMicroelectronics USB_DEVICE 1.0.0
2026-01-16 16:49:47,730 [INFO] ThirdParty:1030 - CMSIS Pack Vendor :STMicroelectronics X-CUBE-AZRTOS-H7RS 1.2.0
2026-01-16 16:49:47,730 [INFO] ThirdParty:1030 - CMSIS Pack Vendor :STMicroelectronics X-CUBE-AZRTOS-L4 2.0.0
2026-01-16 16:49:47,730 [INFO] ThirdParty:1030 - CMSIS Pack Vendor :STMicroelectronics ThreadX 0.0.2
2026-01-16 16:49:47,730 [INFO] ThirdParty:1030 - CMSIS Pack Vendor :STMicroelectronics lwIP 2.1.2
2026-01-16 16:49:47,730 [INFO] ThirdParty:1030 - CMSIS Pack Vendor :STMicroelectronics X-CUBE-SFXS2LP1 4.0.0
2026-01-16 16:49:47,730 [INFO] ThirdParty:1030 - CMSIS Pack Vendor :STMicroelectronics X-CUBE-BLE2 3.3.0
2026-01-16 16:49:47,730 [INFO] ThirdParty:1030 - CMSIS Pack Vendor :STMicroelectronics PDM2PCM 3.2.0
2026-01-16 16:49:47,730 [INFO] ThirdParty:841 - exiting critical section [change project]
2026-01-16 16:49:47,863 [INFO] PinOutPanel:1499 - setPackage(No Configuration,No Configuration)
2026-01-16 16:49:47,865 [INFO] PinOutPanel:1499 - setPackage(STM32F446RETx,LQFP64)
2026-01-16 16:49:48,089 [INFO] UtilMem:75 - Before build in PCC Used Memory: 804220592 Bytes (1073741824)
2026-01-16 16:49:48,268 [INFO] UtilMem:75 - After build in PCC Used Memory: 854030000 Bytes (1073741824)
2026-01-16 16:49:48,286 [INFO] IPUIPlugin:80 - create IPUIPlugin
2026-01-16 16:49:48,286 [INFO] IPUIPlugin:80 - create IPUIPlugin
2026-01-16 16:49:48,286 [INFO] IPUIPlugin:80 - create IPUIPlugin
2026-01-16 16:49:48,286 [INFO] IPUIPlugin:80 - create IPUIPlugin
2026-01-16 16:49:48,286 [INFO] IPUIPlugin:80 - create IPUIPlugin
2026-01-16 16:49:48,286 [INFO] IPUIPlugin:80 - create IPUIPlugin
2026-01-16 16:49:48,286 [INFO] IPUIPlugin:80 - create IPUIPlugin
2026-01-16 16:49:48,286 [INFO] IPUIPlugin:80 - create IPUIPlugin
2026-01-16 16:49:48,286 [INFO] IPUIPlugin:80 - create IPUIPlugin
2026-01-16 16:49:48,286 [INFO] IPUIPlugin:80 - create IPUIPlugin
2026-01-16 16:49:48,286 [INFO] IPUIPlugin:80 - create IPUIPlugin
2026-01-16 16:49:48,286 [INFO] IPUIPlugin:80 - create IPUIPlugin
2026-01-16 16:49:48,286 [INFO] IPUIPlugin:80 - create IPUIPlugin
2026-01-16 16:49:48,286 [INFO] IPUIPlugin:80 - create IPUIPlugin
2026-01-16 16:49:48,286 [INFO] IPUIPlugin:80 - create IPUIPlugin
2026-01-16 16:49:48,286 [INFO] IPUIPlugin:80 - create IPUIPlugin
2026-01-16 16:49:48,286 [INFO] IPUIPlugin:80 - create IPUIPlugin
2026-01-16 16:49:48,286 [INFO] IPUIPlugin:80 - create IPUIPlugin
2026-01-16 16:49:48,286 [INFO] IPUIPlugin:80 - create IPUIPlugin
2026-01-16 16:49:48,286 [INFO] IPUIPlugin:80 - create IPUIPlugin
2026-01-16 16:49:48,286 [INFO] IPUIPlugin:80 - create IPUIPlugin
2026-01-16 16:49:48,286 [INFO] IPUIPlugin:80 - create IPUIPlugin
2026-01-16 16:49:48,286 [INFO] IPUIPlugin:80 - create IPUIPlugin
2026-01-16 16:49:48,286 [INFO] IPUIPlugin:80 - create IPUIPlugin
2026-01-16 16:49:48,286 [INFO] IPUIPlugin:80 - create IPUIPlugin
2026-01-16 16:49:48,286 [INFO] IPUIPlugin:80 - create IPUIPlugin
2026-01-16 16:49:48,286 [INFO] IPUIPlugin:80 - create IPUIPlugin
2026-01-16 16:49:48,286 [INFO] IPUIPlugin:80 - create IPUIPlugin
2026-01-16 16:49:48,286 [INFO] IPUIPlugin:80 - create IPUIPlugin
2026-01-16 16:49:48,286 [INFO] IPUIPlugin:80 - create IPUIPlugin
2026-01-16 16:49:48,286 [INFO] IPUIPlugin:80 - create IPUIPlugin
2026-01-16 16:49:48,286 [INFO] IPUIPlugin:80 - create IPUIPlugin
2026-01-16 16:49:48,286 [INFO] IPUIPlugin:80 - create IPUIPlugin
2026-01-16 16:49:48,286 [INFO] IPUIPlugin:80 - create IPUIPlugin
2026-01-16 16:49:48,286 [INFO] IPUIPlugin:80 - create IPUIPlugin
2026-01-16 16:49:48,286 [INFO] IPUIPlugin:80 - create IPUIPlugin
2026-01-16 16:49:48,286 [INFO] IPUIPlugin:80 - create IPUIPlugin
2026-01-16 16:49:48,286 [INFO] IPUIPlugin:80 - create IPUIPlugin
2026-01-16 16:49:48,286 [INFO] IPUIPlugin:80 - create IPUIPlugin
2026-01-16 16:49:48,286 [INFO] IPUIPlugin:80 - create IPUIPlugin
2026-01-16 16:49:48,286 [INFO] IPUIPlugin:80 - create IPUIPlugin
2026-01-16 16:49:48,286 [INFO] IPUIPlugin:80 - create IPUIPlugin
2026-01-16 16:49:48,286 [INFO] IPUIPlugin:80 - create IPUIPlugin
2026-01-16 16:49:48,286 [INFO] IPUIPlugin:80 - create IPUIPlugin
2026-01-16 16:49:48,286 [INFO] IPUIPlugin:80 - create IPUIPlugin
2026-01-16 16:49:48,286 [INFO] IPUIPlugin:80 - create IPUIPlugin
2026-01-16 16:49:48,286 [INFO] IPUIPlugin:80 - create IPUIPlugin
2026-01-16 16:49:48,286 [INFO] IPUIPlugin:80 - create IPUIPlugin
2026-01-16 16:49:48,286 [INFO] IPUIPlugin:80 - create IPUIPlugin
2026-01-16 16:49:48,286 [INFO] IPUIPlugin:80 - create IPUIPlugin
2026-01-16 16:49:48,286 [INFO] IPUIPlugin:80 - create IPUIPlugin
2026-01-16 16:49:48,294 [INFO] IPUIPlugin:80 - create IPUIPlugin
2026-01-16 16:49:48,294 [INFO] IPUIPlugin:80 - create IPUIPlugin
2026-01-16 16:49:48,294 [INFO] IPUIPlugin:80 - create IPUIPlugin
2026-01-16 16:49:48,294 [INFO] IPUIPlugin:80 - create IPUIPlugin
2026-01-16 16:49:48,294 [INFO] IPUIPlugin:80 - create IPUIPlugin
2026-01-16 16:49:48,294 [INFO] IPUIPlugin:80 - create IPUIPlugin
2026-01-16 16:49:48,294 [INFO] IPUIPlugin:80 - create IPUIPlugin
2026-01-16 16:49:48,294 [INFO] IPUIPlugin:80 - create IPUIPlugin
2026-01-16 16:49:48,294 [INFO] IPUIPlugin:80 - create IPUIPlugin
2026-01-16 16:49:48,294 [INFO] ApiDbMcu:507 - Load IP Config File for PDM2PCM
2026-01-16 16:49:48,311 [INFO] CADModel:165 - CPN selected for project levelSTM32F446RET6
2026-01-16 16:49:48,311 [INFO] CADModel:114 - Register for checkConnection events
2026-01-16 16:49:48,363 [INFO] OpenFileManager:328 - Restore cursor
2026-01-16 16:49:48,377 [INFO] ApiDb:581 - Connected to CubeFinder SQLite database (C:\Users\hj.abijuru\.stmcufinder\plugins\mcufinder\mcu\cube-finder-db.db)
2026-01-16 16:51:01,878 [INFO] UtilMem:75 - End SaveConfig() Used Memory: 723974824 Bytes (1073741824)
2026-01-16 16:51:17,628 [INFO] UtilMem:75 - End SaveConfig() Used Memory: 763820712 Bytes (1073741824)
2026-01-16 16:51:17,980 [INFO] BlockDiagram:2759 - set Specific Code input for plugin: SYS
2026-01-16 16:51:17,980 [INFO] BlockDiagram:2759 - set Specific Code input for plugin: RCC
2026-01-16 16:51:17,980 [INFO] BlockDiagram:2759 - set Specific Code input for plugin: NVIC
2026-01-16 16:51:17,980 [INFO] BlockDiagram:2759 - set Specific Code input for plugin: GPIO
2026-01-16 16:51:17,982 [INFO] CodeGenerator:793 - code generatio: config db path: C:\ST\STM32CubeIDE_1.12.1\STM32CubeIDE\plugins\com.st.stm32cube.common.mx_6.8.1.202304191431\\db\
2026-01-16 16:51:18,188 [INFO] CodeEngine:255 - oldGeneratedFile, C:\Users\hj.abijuru\Documents\formations_udemy\freertos\RTOS_workspace\FreeRTOS_Project\MXTmpFiles\license.tmp_save
2026-01-16 16:51:18,281 [INFO] CodeEngine:279 - Generated code: C:\Users\hj.abijuru\Documents\formations_udemy\freertos\RTOS_workspace\FreeRTOS_Project\MXTmpFiles\license.tmp
2026-01-16 16:51:18,326 [INFO] CodeEngine:255 - oldGeneratedFile, C:\Users\hj.abijuru\Documents\formations_udemy\freertos\RTOS_workspace\FreeRTOS_Project\MXTmpFiles\gpio.tmp_save
2026-01-16 16:51:18,464 [INFO] CodeEngine:279 - Generated code: C:\Users\hj.abijuru\Documents\formations_udemy\freertos\RTOS_workspace\FreeRTOS_Project\MXTmpFiles\gpio.tmp
2026-01-16 16:51:18,597 [INFO] CodeEngine:255 - oldGeneratedFile, C:\Users\hj.abijuru\Documents\formations_udemy\freertos\RTOS_workspace\FreeRTOS_Project\Core\Src\stm32f4xx_it.c_save
2026-01-16 16:51:18,738 [INFO] CodeEngine:279 - Generated code: C:\Users\hj.abijuru\Documents\formations_udemy\freertos\RTOS_workspace\FreeRTOS_Project\Core\Src\stm32f4xx_it.c
2026-01-16 16:51:18,756 [INFO] CodeEngine:255 - oldGeneratedFile, C:\Users\hj.abijuru\Documents\formations_udemy\freertos\RTOS_workspace\FreeRTOS_Project\Core\Inc\stm32f4xx_it.h_save
2026-01-16 16:51:18,829 [INFO] CodeEngine:279 - Generated code: C:\Users\hj.abijuru\Documents\formations_udemy\freertos\RTOS_workspace\FreeRTOS_Project\Core\Inc\stm32f4xx_it.h
2026-01-16 16:51:18,884 [INFO] CodeEngine:255 - oldGeneratedFile, C:\Users\hj.abijuru\Documents\formations_udemy\freertos\RTOS_workspace\FreeRTOS_Project\Core\Src\stm32f4xx_hal_msp.c_save
2026-01-16 16:51:18,973 [INFO] CodeEngine:279 - Generated code: C:\Users\hj.abijuru\Documents\formations_udemy\freertos\RTOS_workspace\FreeRTOS_Project\Core\Src\stm32f4xx_hal_msp.c
2026-01-16 16:51:18,996 [INFO] CodeEngine:255 - oldGeneratedFile, C:\Users\hj.abijuru\Documents\formations_udemy\freertos\RTOS_workspace\FreeRTOS_Project\MXTmpFiles\system.tmp_save
2026-01-16 16:51:19,051 [INFO] CodeEngine:279 - Generated code: C:\Users\hj.abijuru\Documents\formations_udemy\freertos\RTOS_workspace\FreeRTOS_Project\MXTmpFiles\system.tmp
2026-01-16 16:51:19,065 [INFO] CodeEngine:255 - oldGeneratedFile, C:\Users\hj.abijuru\Documents\formations_udemy\freertos\RTOS_workspace\FreeRTOS_Project\Core\Src\stm32f4xx_hal_timebase_tim.c_save
2026-01-16 16:51:19,154 [INFO] CodeEngine:279 - Generated code: C:\Users\hj.abijuru\Documents\formations_udemy\freertos\RTOS_workspace\FreeRTOS_Project\Core\Src\stm32f4xx_hal_timebase_tim.c
2026-01-16 16:51:19,193 [INFO] CodeEngine:311 - oldGeneratedFile, C:\Users\hj.abijuru\Documents\formations_udemy\freertos\RTOS_workspace\FreeRTOS_Project\Core\Inc\stm32f4xx_hal_conf.h_save
2026-01-16 16:51:19,256 [INFO] CodeEngine:335 - Generated code: C:\Users\hj.abijuru\Documents\formations_udemy\freertos\RTOS_workspace\FreeRTOS_Project\Core\Inc\stm32f4xx_hal_conf.h
2026-01-16 16:51:19,288 [WARN] IPConfigManager:2937 - Warning: the RefConfig PLL2P_FOR_MCO is not available in your config.xml file
2026-01-16 16:51:19,319 [INFO] CodeEngine:255 - oldGeneratedFile, C:\Users\hj.abijuru\Documents\formations_udemy\freertos\RTOS_workspace\FreeRTOS_Project\Core\Inc\main.h_save
2026-01-16 16:51:19,401 [INFO] CodeEngine:279 - Generated code: C:\Users\hj.abijuru\Documents\formations_udemy\freertos\RTOS_workspace\FreeRTOS_Project\Core\Inc\main.h
2026-01-16 16:51:19,419 [INFO] CodeEngine:255 - oldGeneratedFile, C:\Users\hj.abijuru\Documents\formations_udemy\freertos\RTOS_workspace\FreeRTOS_Project\Core\Src\main.c_save
2026-01-16 16:51:19,542 [INFO] CodeEngine:279 - Generated code: C:\Users\hj.abijuru\Documents\formations_udemy\freertos\RTOS_workspace\FreeRTOS_Project\Core\Src\main.c
2026-01-16 16:51:20,384 [INFO] ProjectBuilder:2996 - Time for Copy HAL[1] : 352mS.
2026-01-16 16:51:20,386 [INFO] ProjectBuilder:4304 - Project Generator version: 3.19.2
2026-01-16 16:51:20,713 [INFO] ConfigFileManager:1483 - The Die is : DIE421
2026-01-16 16:51:20,715 [INFO] ApiDbMcu:507 - Load IP Config File for FATFS
2026-01-16 16:51:20,715 [INFO] ApiDbMcu:507 - Load IP Config File for FREERTOS
2026-01-16 16:51:20,724 [INFO] ApiDbMcu:507 - Load IP Config File for LIBJPEG
2026-01-16 16:51:20,731 [INFO] ApiDbMcu:507 - Load IP Config File for MBEDTLS
2026-01-16 16:51:20,737 [INFO] ApiDbMcu:507 - Load IP Config File for USB_DEVICE
2026-01-16 16:51:20,743 [INFO] ApiDbMcu:507 - Load IP Config File for USB_HOST
2026-01-16 16:51:22,441 [INFO] ProjectBuilder:4505 - Time for Generating toolchain IDE Files: 2055mS.
2026-01-16 16:51:22,443 [INFO] ProjectBuilder:2867 - Time for Copy CMSIS : 2mS.
2026-01-16 16:51:22,455 [INFO] ProjectBuilder:2867 - Time for Copy CMSIS : 0mS.
2026-01-16 16:53:37,259 [INFO] Activator:176 - 


2026-01-16 16:53:37,259 [INFO] Activator:177 - !SESSION log4j initialized
2026-01-16 16:53:42,900 [INFO] LogOutputStream:77 - [STDOUT_REDIRECT] 
2026-01-16 16:53:48,905 [INFO] ApplicationProperties:184 - Using Application install path: C:\ST\STM32CubeIDE_1.12.1\STM32CubeIDE\plugins\com.st.stm32cube.common.mx_6.8.1.202304191431
2026-01-16 16:53:48,936 [INFO] DbMcusXml:78 - Set database path to: C:\ST\STM32CubeIDE_1.12.1\STM32CubeIDE\plugins\com.st.stm32cube.common.mx_6.8.1.202304191431\\db\/mcu/
2026-01-16 16:53:48,936 [INFO] ApiDb:274 - Set plugin database path to: C:\ST\STM32CubeIDE_1.12.1\STM32CubeIDE\plugins\com.st.stm32cube.common.mx_6.8.1.202304191431\\db\/plugins/boardmanager/
2026-01-16 16:53:48,938 [WARN] ApiDb:259 - Overriding images path with different value:  => C:\ST\STM32CubeIDE_1.12.1\STM32CubeIDE\plugins\com.st.stm32cube.common.mx_6.8.1.202304191431\\db\/plugins/mcufinder/images/
2026-01-16 16:53:48,952 [INFO] ApiDb:250 - Set database path to: C:\Users\hj.abijuru\.stmcufinder\plugins\mcufinder//mcu/
2026-01-16 16:53:48,952 [INFO] DbMcusAds:125 - Set database path to: C:\Users\hj.abijuru\.stmcufinder\plugins\mcufinder//mcu/
2026-01-16 16:53:48,962 [INFO] CrossReferenceDbSqlite:203 - Set database path to: C:\Users\hj.abijuru\.stmcufinder\plugins\mcufinder//mcu/cs/
2026-01-16 16:53:49,105 [INFO] RulesReader:64 - Compatibility file has been processed (293 Rules)
2026-01-16 16:53:49,236 [INFO] DbMcusXml:78 - Set database path to: C:\ST\STM32CubeIDE_1.12.1\STM32CubeIDE\plugins\com.st.stm32cube.common.mx_6.8.1.202304191431\\db\/mcu/
2026-01-16 16:53:49,236 [INFO] ApiDb:274 - Set plugin database path to: C:\ST\STM32CubeIDE_1.12.1\STM32CubeIDE\plugins\com.st.stm32cube.common.mx_6.8.1.202304191431\\db\/plugins/boardmanager/
2026-01-16 16:53:49,236 [INFO] ApiDb:261 - Set plugin images path to: C:\ST\STM32CubeIDE_1.12.1\STM32CubeIDE\plugins\com.st.stm32cube.common.mx_6.8.1.202304191431\\db\/plugins/mcufinder/images/
2026-01-16 16:53:49,252 [WARN] DbFile:41 - Overriding database path with different value: C:\Users\hj.abijuru\.stmcufinder\plugins\mcufinder/ => C:\Users\hj.abijuru\.stmcufinder\plugins\mcufinder
2026-01-16 16:53:49,252 [INFO] ApiDb:250 - Set database path to: C:\Users\hj.abijuru\.stmcufinder\plugins\mcufinder//mcu/
2026-01-16 16:53:49,252 [WARN] DbFile:41 - Overriding database path with different value: C:\Users\hj.abijuru\.stmcufinder\plugins\mcufinder/ => C:\Users\hj.abijuru\.stmcufinder\plugins\mcufinder
2026-01-16 16:53:49,252 [INFO] DbMcusAds:125 - Set database path to: C:\Users\hj.abijuru\.stmcufinder\plugins\mcufinder//mcu/
2026-01-16 16:53:49,252 [WARN] DbFile:41 - Overriding database path with different value: C:\Users\hj.abijuru\.stmcufinder\plugins\mcufinder/ => C:\Users\hj.abijuru\.stmcufinder\plugins\mcufinder
2026-01-16 16:53:49,252 [WARN] DbFile:41 - Overriding database path with different value: C:\Users\hj.abijuru\.stmcufinder\plugins\mcufinder/ => C:\Users\hj.abijuru\.stmcufinder\plugins\mcufinder
2026-01-16 16:53:49,252 [INFO] CrossReferenceDbSqlite:203 - Set database path to: C:\Users\hj.abijuru\.stmcufinder\plugins\mcufinder//mcu/cs/
2026-01-16 16:53:49,379 [INFO] MainPanel:253 - HeapMemory: 268435456
2026-01-16 16:53:49,474 [INFO] DbMcusXml:78 - Set database path to: C:\ST\STM32CubeIDE_1.12.1\STM32CubeIDE\plugins\com.st.stm32cube.common.mx_6.8.1.202304191431\\db\/mcu/
2026-01-16 16:53:49,474 [INFO] ApiDb:274 - Set plugin database path to: C:\ST\STM32CubeIDE_1.12.1\STM32CubeIDE\plugins\com.st.stm32cube.common.mx_6.8.1.202304191431\\db\/plugins/boardmanager/
2026-01-16 16:53:49,474 [INFO] ApiDb:261 - Set plugin images path to: C:\ST\STM32CubeIDE_1.12.1\STM32CubeIDE\plugins\com.st.stm32cube.common.mx_6.8.1.202304191431\\db\/plugins/mcufinder/images/
2026-01-16 16:53:49,474 [WARN] DbFile:41 - Overriding database path with different value: C:\Users\hj.abijuru\.stmcufinder\plugins\mcufinder/ => C:\Users\hj.abijuru\.stmcufinder\plugins\mcufinder
2026-01-16 16:53:49,474 [INFO] ApiDb:250 - Set database path to: C:\Users\hj.abijuru\.stmcufinder\plugins\mcufinder//mcu/
2026-01-16 16:53:49,474 [WARN] DbFile:41 - Overriding database path with different value: C:\Users\hj.abijuru\.stmcufinder\plugins\mcufinder/ => C:\Users\hj.abijuru\.stmcufinder\plugins\mcufinder
2026-01-16 16:53:49,474 [INFO] DbMcusAds:125 - Set database path to: C:\Users\hj.abijuru\.stmcufinder\plugins\mcufinder//mcu/
2026-01-16 16:53:49,474 [WARN] DbFile:41 - Overriding database path with different value: C:\Users\hj.abijuru\.stmcufinder\plugins\mcufinder/ => C:\Users\hj.abijuru\.stmcufinder\plugins\mcufinder
2026-01-16 16:53:49,474 [WARN] DbFile:41 - Overriding database path with different value: C:\Users\hj.abijuru\.stmcufinder\plugins\mcufinder/ => C:\Users\hj.abijuru\.stmcufinder\plugins\mcufinder
2026-01-16 16:53:49,474 [INFO] CrossReferenceDbSqlite:203 - Set database path to: C:\Users\hj.abijuru\.stmcufinder\plugins\mcufinder//mcu/cs/
2026-01-16 16:53:49,505 [INFO] ApplicationProperties:184 - Using Application install path: C:\ST\STM32CubeIDE_1.12.1\STM32CubeIDE\plugins\com.st.stm32cube.common.mx_6.8.1.202304191431
2026-01-16 16:53:49,505 [INFO] PluginManage:196 - Search for loadable plugins [exclusion list=, ]
2026-01-16 16:53:49,505 [INFO] PluginManage:310 - Check plugin analytics
2026-01-16 16:53:49,665 [INFO] AnalyticsPlugin:253 - Accepted Software Licenses: 
2026-01-16 16:53:49,665 [INFO] AnalyticsPlugin:255 - Accepted CMSIS Pack Licenses: 
2026-01-16 16:53:49,665 [INFO] AnalyticsPlugin:257 - Accepted Firmware Licenses: FW.F4.1.27.0
2026-01-16 16:53:49,680 [INFO] PluginManage:359 - Loaded plugin analytics (category:tool,tabindex:-1)
2026-01-16 16:53:49,680 [INFO] PluginManage:310 - Check plugin cadmodel
2026-01-16 16:53:49,684 [INFO] CADModel:105 - Init CAD model plugin
2026-01-16 16:53:49,684 [INFO] PluginManage:359 - Loaded plugin cadmodel (category:power,tabindex:5)
2026-01-16 16:53:49,684 [INFO] PluginManage:310 - Check plugin clock
2026-01-16 16:53:49,696 [INFO] PluginManage:359 - Loaded plugin clock (category:base,tabindex:2)
2026-01-16 16:53:49,696 [INFO] PluginManage:310 - Check plugin ddr
2026-01-16 16:53:49,705 [INFO] PluginManage:359 - Loaded plugin ddr (category:tool,tabindex:6)
2026-01-16 16:53:49,705 [INFO] PluginManage:310 - Check plugin filemanager
2026-01-16 16:53:49,855 [INFO] PluginManage:359 - Loaded plugin filemanager (category:base,tabindex:10)
2026-01-16 16:53:49,855 [INFO] PluginManage:310 - Check plugin ipmanager
2026-01-16 16:53:49,886 [INFO] PluginManage:359 - Loaded plugin ipmanager (category:base,tabindex:5)
2026-01-16 16:53:49,886 [INFO] PluginManage:310 - Check plugin lpbam
2026-01-16 16:53:49,896 [INFO] PluginManage:359 - Loaded plugin lpbam (category:base,tabindex:0)
2026-01-16 16:53:49,896 [INFO] PluginManage:310 - Check plugin pinoutandconfiguration
2026-01-16 16:53:49,902 [INFO] PluginManage:359 - Loaded plugin pinoutandconfiguration (category:base,tabindex:1)
2026-01-16 16:53:49,902 [INFO] PluginManage:310 - Check plugin pinoutconfig
2026-01-16 16:53:49,997 [WARN] SupportedApi:132 - Cannot load RTOS API schema: s4s-elt-must-match.1: The content of 'definitions' must match (annotation?, (simpleType | complexType)?, (unique | key | keyref)*)). A problem was found starting at: attribute.
2026-01-16 16:53:50,139 [INFO] PluginManage:359 - Loaded plugin pinoutconfig (category:base,tabindex:0)
2026-01-16 16:53:50,139 [INFO] PluginManage:310 - Check plugin power
2026-01-16 16:53:50,155 [INFO] PluginManage:359 - Loaded plugin power (category:power,tabindex:4)
2026-01-16 16:53:50,155 [INFO] PluginManage:310 - Check plugin projectmanager
2026-01-16 16:53:50,187 [INFO] PluginManage:359 - Loaded plugin projectmanager (category:projectmanager,tabindex:3)
2026-01-16 16:53:50,187 [INFO] PluginManage:310 - Check plugin thirdparty
2026-01-16 16:53:50,330 [INFO] PluginManage:359 - Loaded plugin thirdparty (category:base,tabindex:-1)
2026-01-16 16:53:50,330 [WARN] IntegrityCheckThread:84 - waiting for thirdparty lock release [integrity check]
2026-01-16 16:53:50,331 [INFO] PluginManage:310 - Check plugin tools
2026-01-16 16:53:50,331 [INFO] IntegrityCheckThread:86 - entering critical section [integrity check]
2026-01-16 16:53:50,333 [INFO] ThirdPartyUpdaterWithRetryManager:70 - Updater plugin not ready yet. [1/15]
2026-01-16 16:53:50,333 [INFO] PluginManage:359 - Loaded plugin tools (category:base,tabindex:7)
2026-01-16 16:53:50,333 [INFO] PluginManage:310 - Check plugin tutovideos
2026-01-16 16:53:50,556 [INFO] PluginManage:359 - Loaded plugin tutovideos (category:base,tabindex:-1)
2026-01-16 16:53:50,556 [INFO] PluginManage:310 - Check plugin updater
2026-01-16 16:53:50,575 [INFO] PluginManage:359 - Loaded plugin updater (category:base,tabindex:12)
2026-01-16 16:53:50,575 [INFO] PluginManage:283 - PluginManage : Loaded plugins [15]
2026-01-16 16:53:50,963 [INFO] PinOutPanel:1499 - setPackage(No Configuration,No Configuration)
2026-01-16 16:53:51,041 [INFO] CADModel:165 - CPN selected for project level
2026-01-16 16:53:51,041 [INFO] CADModel:114 - Register for checkConnection events
2026-01-16 16:53:51,057 [INFO] IPUIPlugin:80 - create IPUIPlugin
2026-01-16 16:53:51,057 [INFO] PluginManager:220 - loadIPPluginJar : add adc
2026-01-16 16:53:51,072 [INFO] IPUIPlugin:80 - create IPUIPlugin
2026-01-16 16:53:51,072 [INFO] PluginManager:220 - loadIPPluginJar : add aes
2026-01-16 16:53:51,072 [INFO] IPUIPlugin:80 - create IPUIPlugin
2026-01-16 16:53:51,072 [INFO] PluginManager:220 - loadIPPluginJar : add can
2026-01-16 16:53:51,072 [INFO] IPUIPlugin:80 - create IPUIPlugin
2026-01-16 16:53:51,072 [INFO] PluginManager:220 - loadIPPluginJar : add comp
2026-01-16 16:53:51,072 [INFO] IPUIPlugin:80 - create IPUIPlugin
2026-01-16 16:53:51,072 [INFO] PluginManager:220 - loadIPPluginJar : add cryp
2026-01-16 16:53:51,072 [INFO] IPUIPlugin:80 - create IPUIPlugin
2026-01-16 16:53:51,072 [INFO] PluginManager:220 - loadIPPluginJar : add dfsdm
2026-01-16 16:53:51,088 [INFO] IPUIPlugin:80 - create IPUIPlugin
2026-01-16 16:53:51,088 [INFO] PluginManager:220 - loadIPPluginJar : add dma
2026-01-16 16:53:51,088 [INFO] IPUIPlugin:80 - create IPUIPlugin
2026-01-16 16:53:51,088 [INFO] PluginManager:220 - loadIPPluginJar : add dma3
2026-01-16 16:53:51,088 [INFO] IPUIPlugin:80 - create IPUIPlugin
2026-01-16 16:53:51,088 [INFO] PluginManager:220 - loadIPPluginJar : add fatfs
2026-01-16 16:53:51,088 [INFO] IPUIPlugin:80 - create IPUIPlugin
2026-01-16 16:53:51,088 [INFO] PluginManager:220 - loadIPPluginJar : add fmc
2026-01-16 16:53:51,104 [INFO] IPUIPlugin:80 - create IPUIPlugin
2026-01-16 16:53:51,104 [INFO] PluginManager:220 - loadIPPluginJar : add freertos
2026-01-16 16:53:51,104 [INFO] IPUIPlugin:80 - create IPUIPlugin
2026-01-16 16:53:51,104 [INFO] PluginManager:220 - loadIPPluginJar : add genericplugin
2026-01-16 16:53:51,104 [INFO] IPUIPlugin:80 - create IPUIPlugin
2026-01-16 16:53:51,104 [INFO] PluginManager:220 - loadIPPluginJar : add gfxmmu
2026-01-16 16:53:51,104 [INFO] IPUIPlugin:80 - create IPUIPlugin
2026-01-16 16:53:51,104 [INFO] PluginManager:220 - loadIPPluginJar : add gic
2026-01-16 16:53:51,120 [INFO] IPUIPlugin:80 - create IPUIPlugin
2026-01-16 16:53:51,120 [INFO] PluginManager:220 - loadIPPluginJar : add gpio
2026-01-16 16:53:51,124 [INFO] IPUIPlugin:80 - create IPUIPlugin
2026-01-16 16:53:51,124 [INFO] PluginManager:220 - loadIPPluginJar : add gtzc
2026-01-16 16:53:51,124 [INFO] IPUIPlugin:80 - create IPUIPlugin
2026-01-16 16:53:51,124 [INFO] PluginManager:220 - loadIPPluginJar : add hash
2026-01-16 16:53:51,132 [INFO] IPUIPlugin:80 - create IPUIPlugin
2026-01-16 16:53:51,132 [INFO] PluginManager:220 - loadIPPluginJar : add i2c
2026-01-16 16:53:51,132 [INFO] IPUIPlugin:80 - create IPUIPlugin
2026-01-16 16:53:51,136 [INFO] PluginManager:220 - loadIPPluginJar : add i2s
2026-01-16 16:53:51,136 [INFO] IPUIPlugin:80 - create IPUIPlugin
2026-01-16 16:53:51,136 [INFO] PluginManager:220 - loadIPPluginJar : add i3c
2026-01-16 16:53:51,140 [INFO] IPUIPlugin:80 - create IPUIPlugin
2026-01-16 16:53:51,140 [INFO] PluginManager:220 - loadIPPluginJar : add ipddr
2026-01-16 16:53:51,152 [INFO] IPUIPlugin:80 - create IPUIPlugin
2026-01-16 16:53:51,152 [INFO] PluginManager:220 - loadIPPluginJar : add linkedlist
2026-01-16 16:53:51,152 [INFO] IPUIPlugin:80 - create IPUIPlugin
2026-01-16 16:53:51,152 [INFO] PluginManager:220 - loadIPPluginJar : add lorawan
2026-01-16 16:53:51,157 [INFO] IPUIPlugin:80 - create IPUIPlugin
2026-01-16 16:53:51,157 [INFO] PluginManager:220 - loadIPPluginJar : add ltdc
2026-01-16 16:53:51,164 [INFO] IPUIPlugin:80 - create IPUIPlugin
2026-01-16 16:53:51,164 [INFO] PluginManager:220 - loadIPPluginJar : add mdma
2026-01-16 16:53:51,168 [INFO] IPUIPlugin:80 - create IPUIPlugin
2026-01-16 16:53:51,168 [INFO] PluginManager:220 - loadIPPluginJar : add nvic
2026-01-16 16:53:51,171 [INFO] IPUIPlugin:80 - create IPUIPlugin
2026-01-16 16:53:51,173 [INFO] PluginManager:220 - loadIPPluginJar : add opamp
2026-01-16 16:53:51,175 [INFO] IPUIPlugin:80 - create IPUIPlugin
2026-01-16 16:53:51,175 [INFO] PluginManager:220 - loadIPPluginJar : add openamp
2026-01-16 16:53:51,179 [INFO] IPUIPlugin:80 - create IPUIPlugin
2026-01-16 16:53:51,179 [INFO] PluginManager:220 - loadIPPluginJar : add pdm2pcm
2026-01-16 16:53:51,186 [INFO] IPUIPlugin:80 - create IPUIPlugin
2026-01-16 16:53:51,186 [INFO] PluginManager:220 - loadIPPluginJar : add plateformsettings
2026-01-16 16:53:51,192 [INFO] IPUIPlugin:80 - create IPUIPlugin
2026-01-16 16:53:51,192 [INFO] PluginManager:220 - loadIPPluginJar : add quadspi
2026-01-16 16:53:51,192 [INFO] IPUIPlugin:80 - create IPUIPlugin
2026-01-16 16:53:51,192 [INFO] PluginManager:220 - loadIPPluginJar : add resmgrutility
2026-01-16 16:53:51,200 [INFO] IPUIPlugin:80 - create IPUIPlugin
2026-01-16 16:53:51,200 [INFO] PluginManager:220 - loadIPPluginJar : add sai
2026-01-16 16:53:51,200 [INFO] IPUIPlugin:80 - create IPUIPlugin
2026-01-16 16:53:51,200 [INFO] PluginManager:220 - loadIPPluginJar : add spi
2026-01-16 16:53:51,211 [INFO] IPUIPlugin:80 - create IPUIPlugin
2026-01-16 16:53:51,211 [INFO] PluginManager:220 - loadIPPluginJar : add stm32_wpan
2026-01-16 16:53:51,213 [INFO] IPUIPlugin:80 - create IPUIPlugin
2026-01-16 16:53:51,213 [INFO] PluginManager:220 - loadIPPluginJar : add tim
2026-01-16 16:53:51,216 [INFO] IPUIPlugin:80 - create IPUIPlugin
2026-01-16 16:53:51,219 [INFO] PluginManager:220 - loadIPPluginJar : add touchsensing
2026-01-16 16:53:51,221 [INFO] IPUIPlugin:80 - create IPUIPlugin
2026-01-16 16:53:51,221 [INFO] PluginManager:220 - loadIPPluginJar : add tracer_emb
2026-01-16 16:53:51,221 [INFO] IPUIPlugin:80 - create IPUIPlugin
2026-01-16 16:53:51,221 [INFO] PluginManager:220 - loadIPPluginJar : add ts
2026-01-16 16:53:51,225 [INFO] IPUIPlugin:80 - create IPUIPlugin
2026-01-16 16:53:51,225 [INFO] PluginManager:220 - loadIPPluginJar : add tsc
2026-01-16 16:53:51,225 [INFO] IPUIPlugin:80 - create IPUIPlugin
2026-01-16 16:53:51,225 [INFO] PluginManager:220 - loadIPPluginJar : add ucpd
2026-01-16 16:53:51,232 [INFO] IPUIPlugin:80 - create IPUIPlugin
2026-01-16 16:53:51,232 [INFO] PluginManager:220 - loadIPPluginJar : add usart
2026-01-16 16:53:51,236 [INFO] IPUIPlugin:80 - create IPUIPlugin
2026-01-16 16:53:51,236 [INFO] PluginManager:220 - loadIPPluginJar : add usbx
2026-01-16 16:53:51,381 [INFO] CADModel:165 - CPN selected for project level
2026-01-16 16:53:51,381 [INFO] CADModel:114 - Register for checkConnection events
2026-01-16 16:53:51,381 [FATAL] Updater:308 - Updater called before beeing initialized
2026-01-16 16:53:51,381 [ERROR] CADModel:125 - Updater not yet initialized, retry later 
2026-01-16 16:53:51,554 [INFO] CADModel:165 - CPN selected for project level
2026-01-16 16:53:51,554 [INFO] CADModel:114 - Register for checkConnection events
2026-01-16 16:53:51,554 [FATAL] Updater:308 - Updater called before beeing initialized
2026-01-16 16:53:51,554 [ERROR] CADModel:125 - Updater not yet initialized, retry later 
2026-01-16 16:53:51,554 [FATAL] Updater:308 - Updater called before beeing initialized
2026-01-16 16:53:51,697 [FATAL] Updater:308 - Updater called before beeing initialized
2026-01-16 16:53:51,706 [INFO] DbMcusAds:53 - JSON generation date=Thu Jan 08 16:56:32 CET 2026 (1767887792457)
2026-01-16 16:53:51,706 [FATAL] Updater:308 - Updater called before beeing initialized
2026-01-16 16:53:51,745 [WARN] DetailPanel:346 - Failed to get advertising image, set to default
2026-01-16 16:53:51,855 [FATAL] Updater:308 - Updater called before beeing initialized
2026-01-16 16:53:51,855 [FATAL] Updater:308 - Updater called before beeing initialized
2026-01-16 16:53:51,855 [FATAL] Updater:308 - Updater called before beeing initialized
2026-01-16 16:53:51,855 [WARN] DetailPanel:346 - Failed to get advertising image, set to default
2026-01-16 16:53:51,855 [FATAL] Updater:308 - Updater called before beeing initialized
2026-01-16 16:53:51,936 [ERROR] Updater:1120 - MainUpdater not yet initialized. External WinMGr cannot be set.
2026-01-16 16:53:51,939 [INFO] Updater:1056 - Updater Version found : 6.8.1
2026-01-16 16:53:51,954 [INFO] ApplicationProperties:184 - Using Application install path: C:\ST\STM32CubeIDE_1.12.1\STM32CubeIDE\plugins\com.st.stm32cube.common.mx_6.8.1.202304191431
2026-01-16 16:53:52,077 [INFO] MainUpdater:2854 - connection check result : 10
2026-01-16 16:53:52,077 [INFO] MainUpdater:283 - Updater Check For Update Now.
2026-01-16 16:53:52,077 [INFO] MicroXplorer:498 - Change Database Version : DB.6.0.81
2026-01-16 16:53:52,284 [INFO] CheckServerUpdateThread:120 - End of CheckServer Thread
2026-01-16 16:53:52,300 [INFO] MainUpdater:2854 - connection check result : 10
2026-01-16 16:53:52,300 [INFO] MainUpdater:2854 - connection check result : 10
2026-01-16 16:53:52,347 [INFO] MicroXplorer:468 - Change Database Path : 
2026-01-16 16:53:52,347 [INFO] MicroXplorer:498 - Change Database Version : DB.6.0.81
2026-01-16 16:53:52,347 [WARN] ThirdParty:871 - waiting for thirdparty lock release [close project]
2026-01-16 16:53:53,629 [WARN] PackLoader:240 - Cannot read IP mode file for STMicroelectronics.FP-SNS-MOTENVWB1.1.4.0
2026-01-16 16:53:53,689 [WARN] PackLoader:240 - Cannot read IP mode file for STMicroelectronics.FP-ATR-ASTRA1.2.0.2
2026-01-16 16:53:53,701 [WARN] PackLoader:240 - Cannot read IP mode file for STMicroelectronics.X-CUBE-SMBUS.2.1.0
2026-01-16 16:53:53,746 [WARN] PackLoader:240 - Cannot read IP mode file for STMicroelectronics.X-CUBE-AZRTOS-F7.1.1.0
2026-01-16 16:53:53,752 [ERROR] Engine:466 - C:\Users\hj.abijuru\.stm32cubemx\thirdparties\pdsc\STMicroelectronics.FP-SNS-MOTENV1.5.1.0.pdsc: PDSC version is not supported
2026-01-16 16:53:53,752 [ERROR] Engine:466 - C:\Users\hj.abijuru\.stm32cubemx\thirdparties\pdsc\WES.I-CUBE-Cesium.1.4.0.pdsc: PDSC version is not supported
2026-01-16 16:53:53,789 [WARN] PackLoader:240 - Cannot read IP mode file for STMicroelectronics.X-CUBE-AZRTOS-H7.3.4.0
2026-01-16 16:53:53,803 [WARN] PackLoader:240 - Cannot read IP mode file for STMicroelectronics.X-CUBE-DISPLAY.3.0.0
2026-01-16 16:53:53,820 [WARN] PackLoader:240 - Cannot read IP mode file for STMicroelectronics.X-CUBE-NFC10.1.0.0
2026-01-16 16:53:53,826 [ERROR] Engine:466 - C:\Users\hj.abijuru\.stm32cubemx\thirdparties\pdsc\STMicroelectronics.X-CUBE-ST60.1.1.0.pdsc: PDSC version is not supported
2026-01-16 16:53:53,833 [WARN] PackLoader:240 - Cannot read IP mode file for emotas.I-CUBE-CANOPEN.1.3.0
2026-01-16 16:53:53,841 [WARN] PackLoader:240 - Cannot read IP mode file for STMicroelectronics.X-CUBE-GNSS1.7.1.0
2026-01-16 16:53:53,847 [ERROR] Engine:466 - C:\Users\hj.abijuru\.stm32cubemx\thirdparties\pdsc\STMicroelectronics.FP-SNS-STBOX1.2.1.0.pdsc: PDSC version is not supported
2026-01-16 16:53:53,852 [WARN] PackLoader:240 - Cannot read IP mode file for STMicroelectronics.FP-SNS-SMARTAG2.1.2.0
2026-01-16 16:53:53,857 [ERROR] Engine:466 - C:\Users\hj.abijuru\.stm32cubemx\thirdparties\pdsc\STMicroelectronics.FP-SNS-FLIGHT1.5.1.0.pdsc: PDSC version is not supported
2026-01-16 16:53:53,866 [INFO] LogOutputStream:77 - [STDOUT_REDIRECT] 1 : Invalid condition id : UX_CORESTACK_Condition cause : null
2026-01-16 16:53:53,866 [INFO] LogOutputStream:77 - [STDOUT_REDIRECT] 1 : Invalid condition id : UX_CORESTACK_Condition cause : null
2026-01-16 16:53:53,866 [INFO] LogOutputStream:77 - [STDOUT_REDIRECT] 1 : Invalid condition id : UX_CORESTACK_Condition cause : null
2026-01-16 16:53:53,866 [INFO] LogOutputStream:77 - [STDOUT_REDIRECT] 1 : Invalid condition id : UX_CORESTACK_Condition cause : null
2026-01-16 16:53:53,866 [INFO] LogOutputStream:77 - [STDOUT_REDIRECT] 1 : Invalid condition id : UX_CORESTACK_Condition cause : null
2026-01-16 16:53:53,874 [WARN] PackLoader:240 - Cannot read IP mode file for STMicroelectronics.X-CUBE-AZRTOS-WL.2.0.0
2026-01-16 16:53:53,888 [WARN] PackLoader:240 - Cannot read IP mode file for STMicroelectronics.X-CUBE-AZRTOS-H7RS.1.2.0
2026-01-16 16:53:53,904 [WARN] PackLoader:240 - Cannot read IP mode file for STMicroelectronics.X-CUBE-BLE2.3.3.0
2026-01-16 16:53:53,908 [ERROR] Engine:466 - C:\Users\hj.abijuru\.stm32cubemx\thirdparties\pdsc\Avnet-IOTCONNECT.X-CUBE-iotc-st67-sdk.1.0.0.pdsc: PDSC version is not supported
2026-01-16 16:53:53,914 [ERROR] Engine:466 - C:\Users\hj.abijuru\.stm32cubemx\thirdparties\pdsc\Infineon.AIROC-Wi-Fi-Bluetooth-STM32.1.8.0.pdsc: PDSC version is not supported
2026-01-16 16:53:53,922 [WARN] PackLoader:240 - Cannot read IP mode file for STMicroelectronics.X-CUBE-NFC9.1.0.0
2026-01-16 16:53:53,929 [WARN] PackLoader:240 - Cannot read IP mode file for STMicroelectronics.X-CUBE-BLE1.7.1.0
2026-01-16 16:53:53,936 [WARN] PackLoader:240 - Cannot read IP mode file for wolfSSL.I-CUBE-wolfMQTT.1.19.2
2026-01-16 16:53:53,938 [ERROR] Engine:466 - C:\Users\hj.abijuru\.stm32cubemx\thirdparties\pdsc\STMicroelectronics.X-CUBE-FREERTOS.1.4.0.pdsc: PDSC version is not supported
2026-01-16 16:53:53,946 [WARN] PackLoader:240 - Cannot read IP mode file for STMicroelectronics.X-CUBE-EEPRMA1.5.2.0
2026-01-16 16:53:53,954 [WARN] PackLoader:240 - Cannot read IP mode file for wolfSSL.I-CUBE-wolfSSL.5.8.4
2026-01-16 16:53:53,956 [ERROR] Engine:466 - C:\Users\hj.abijuru\.stm32cubemx\thirdparties\pdsc\Cesanta.I-CUBE-Mongoose.7.20.0.pdsc: PDSC version is not supported
2026-01-16 16:53:53,959 [ERROR] Engine:466 - C:\Users\hj.abijuru\.stm32cubemx\thirdparties\pdsc\STMicroelectronics.X-CUBE-ST67W61.1.1.0.pdsc: PDSC version is not supported
2026-01-16 16:53:54,017 [WARN] PackLoader:240 - Cannot read IP mode file for STMicroelectronics.X-CUBE-MEMS1.12.0.0
2026-01-16 16:53:54,101 [WARN] PackLoader:240 - Cannot read IP mode file for STMicroelectronics.X-CUBE-AZRTOS-G0.1.1.0
2026-01-16 16:53:54,116 [WARN] PackLoader:240 - Cannot read IP mode file for STMicroelectronics.X-CUBE-NFC4.3.0.0
2026-01-16 16:53:54,120 [ERROR] Engine:466 - C:\Users\hj.abijuru\.stm32cubemx\thirdparties\pdsc\EmbeddedOffice.I-CUBE-FS-RTOS.1.0.1.pdsc: PDSC version is not supported
2026-01-16 16:53:54,126 [WARN] PackLoader:240 - Cannot read IP mode file for STMicroelectronics.X-CUBE-WB05N.2.0.0
2026-01-16 16:53:54,131 [WARN] PackLoader:240 - Cannot read IP mode file for wolfSSL.I-CUBE-wolfTPM.3.8.0
2026-01-16 16:53:54,133 [ERROR] Engine:466 - C:\Users\hj.abijuru\.stm32cubemx\thirdparties\pdsc\STMicroelectronics.X-CUBE-TCPP.4.2.0.pdsc: PDSC version is not supported
2026-01-16 16:53:54,133 [ERROR] Engine:466 - C:\Users\hj.abijuru\.stm32cubemx\thirdparties\pdsc\RealThread.X-CUBE-RT-Thread_Nano.4.1.1.pdsc: PDSC version is not supported
2026-01-16 16:53:54,142 [WARN] PackLoader:240 - Cannot read IP mode file for STMicroelectronics.FP-ATR-SIGFOX1.3.2.0
2026-01-16 16:53:54,149 [WARN] PackLoader:240 - Cannot read IP mode file for ITTIA_DB.I-CUBE-ITTIADB.8.9.0
2026-01-16 16:53:54,154 [WARN] PackLoader:240 - Cannot read IP mode file for STMicroelectronics.X-CUBE-AI.10.2.0
2026-01-16 16:53:54,180 [WARN] PackLoader:240 - Cannot read IP mode file for SEGGER.I-CUBE-embOS.1.3.1
2026-01-16 16:53:54,221 [WARN] PackLoader:240 - Cannot read IP mode file for STMicroelectronics.X-CUBE-ALGOBUILD.1.4.0
2026-01-16 16:53:54,230 [WARN] PackLoader:240 - Cannot read IP mode file for STMicroelectronics.X-CUBE-PM33A1.1.0.0
2026-01-16 16:53:54,244 [WARN] PackLoader:240 - Cannot read IP mode file for STMicroelectronics.X-CUBE-AZRTOS-F4.1.1.0
2026-01-16 16:53:54,250 [WARN] PackLoader:240 - Cannot read IP mode file for STMicroelectronics.X-CUBE-ISPU.2.1.0
2026-01-16 16:53:54,253 [ERROR] Engine:466 - C:\Users\hj.abijuru\.stm32cubemx\thirdparties\pdsc\STMicroelectronics.X-CUBE-IPS.3.2.0.pdsc: PDSC version is not supported
2026-01-16 16:53:54,262 [WARN] PackLoader:240 - Cannot read IP mode file for STMicroelectronics.X-CUBE-NFC12.1.0.0
2026-01-16 16:53:54,266 [WARN] PackLoader:240 - Cannot read IP mode file for STMicroelectronics.X-CUBE-AZRTOS-L5.2.0.0
2026-01-16 16:53:54,286 [WARN] PackLoader:240 - Cannot read IP mode file for STMicroelectronics.X-CUBE-NFC6.3.1.0
2026-01-16 16:53:54,296 [WARN] PackLoader:240 - Cannot read IP mode file for STMicroelectronics.X-CUBE-TOUCHGFX.4.26.0
2026-01-16 16:53:54,298 [ERROR] Engine:466 - C:\Users\hj.abijuru\.stm32cubemx\thirdparties\pdsc\STMicroelectronics.FP-SNS-STAIOTCFT.1.0.0.pdsc: PDSC version is not supported
2026-01-16 16:53:54,298 [ERROR] Engine:466 - C:\Users\hj.abijuru\.stm32cubemx\thirdparties\pdsc\STMicroelectronics.X-CUBE-DPower.1.3.0.pdsc: PDSC version is not supported
2026-01-16 16:53:54,316 [WARN] ConditionMgr:438 - getConditionDescription Invalid condition id : LAN8742 Phy interface Condition cause : null
2026-01-16 16:53:54,318 [WARN] PackLoader:240 - Cannot read IP mode file for STMicroelectronics.X-CUBE-AZRTOS-L4.2.0.0
2026-01-16 16:53:54,318 [WARN] ConditionMgr:1039 - genDependencies : Invalid condition id : LAN8742 Phy interface Condition cause : null
2026-01-16 16:53:54,318 [WARN] ConditionMgr:1039 - genDependencies : Invalid condition id : LAN8742 Phy interface Condition cause : null
2026-01-16 16:53:54,320 [WARN] ConditionMgr:1039 - genDependencies : Invalid condition id : LAN8742 Phy interface Condition cause : null
2026-01-16 16:53:54,326 [WARN] PackLoader:240 - Cannot read IP mode file for STMicroelectronics.X-CUBE-SFXS2LP1.4.0.0
2026-01-16 16:53:54,330 [ERROR] Engine:466 - C:\Users\hj.abijuru\.stm32cubemx\thirdparties\pdsc\STMicroelectronics.X-CUBE-ST67W61.1.2.0.pdsc: PDSC version is not supported
2026-01-16 16:53:54,330 [ERROR] Engine:466 - C:\Users\hj.abijuru\.stm32cubemx\thirdparties\pdsc\STMicroelectronics.X-CUBE-BLEMGR.4.1.0.pdsc: PDSC version is not supported
2026-01-16 16:53:54,344 [WARN] ConditionMgr:438 - getConditionDescription Invalid condition id : UX DEVICE CLASS RTOS Condition cause : null
2026-01-16 16:53:54,344 [WARN] ConditionMgr:438 - getConditionDescription Invalid condition id : UX DEVICE CLASS RTOS Condition cause : null
2026-01-16 16:53:54,345 [WARN] PackLoader:240 - Cannot read IP mode file for STMicroelectronics.X-CUBE-AZRTOS-WB.2.0.0
2026-01-16 16:53:54,345 [WARN] ConditionMgr:1039 - genDependencies : Invalid condition id : UX DEVICE CLASS RTOS Condition cause : null
2026-01-16 16:53:54,345 [WARN] ConditionMgr:1039 - genDependencies : Invalid condition id : UX DEVICE CLASS RTOS Condition cause : null
2026-01-16 16:53:54,345 [WARN] ConditionMgr:1039 - genDependencies : Invalid condition id : UX DEVICE CLASS RTOS Condition cause : null
2026-01-16 16:53:54,345 [WARN] ConditionMgr:1039 - genDependencies : Invalid condition id : UX DEVICE CLASS RTOS Condition cause : null
2026-01-16 16:53:54,345 [WARN] ConditionMgr:1039 - genDependencies : Invalid condition id : UX DEVICE CLASS RTOS Condition cause : null
2026-01-16 16:53:54,348 [ERROR] Engine:466 - C:\Users\hj.abijuru\.stm32cubemx\thirdparties\pdsc\quantropi.X-CUBE-qispace-sdk-base.2.1.0.pdsc: PDSC version is not supported
2026-01-16 16:53:54,359 [WARN] PackLoader:240 - Cannot read IP mode file for STMicroelectronics.X-CUBE-SUBG2.5.0.0
2026-01-16 16:53:54,377 [WARN] PackLoader:240 - Cannot read IP mode file for STMicroelectronics.X-CUBE-AZRTOS-G4.2.0.0
2026-01-16 16:53:54,384 [WARN] PackLoader:240 - Cannot read IP mode file for wolfSSL.I-CUBE-wolfSSH.1.4.20
2026-01-16 16:53:54,386 [WARN] PackLoader:240 - Cannot read IP mode file for STMicroelectronics.X-CUBE-NFC7.2.0.0
2026-01-16 16:53:54,396 [WARN] PackLoader:240 - Cannot read IP mode file for STMicroelectronics.X-CUBE-ALS.1.0.2
2026-01-16 16:53:54,402 [WARN] PackLoader:240 - Cannot read IP mode file for STMicroelectronics.X-CUBE-STSE01.1.0.0
2026-01-16 16:53:54,408 [ERROR] Engine:466 - C:\Users\hj.abijuru\.stm32cubemx\thirdparties\pdsc\STMicroelectronics.X-CUBE-TOF1.3.4.3.pdsc: PDSC version is not supported
2026-01-16 16:53:54,408 [INFO] ThirdParty:978 - Integrity check success = true
2026-01-16 16:53:54,408 [INFO] IntegrityCheckThread:100 - exiting critical section [integrity check]
2026-01-16 16:53:54,408 [INFO] IntegrityCheckThread:103 - End integrity checks thread
2026-01-16 16:53:54,408 [INFO] ThirdParty:873 - entering critical section [close project]
2026-01-16 16:53:54,408 [INFO] ThirdParty:883 - exiting critical section [close project]
2026-01-16 16:53:54,413 [INFO] PinOutPanel:1499 - setPackage(No Configuration,No Configuration)
2026-01-16 16:53:54,418 [INFO] UtilMem:75 - Begin LoadConfig() Used Memory: 201428696 Bytes (268435456)
2026-01-16 16:53:54,420 [INFO] MicroXplorer:468 - Change Database Path : 
2026-01-16 16:53:54,420 [INFO] MicroXplorer:498 - Change Database Version : DB.6.0.81
2026-01-16 16:53:54,420 [INFO] OpenFileManager:308 - Change cursor
2026-01-16 16:53:54,452 [INFO] Mcu:1937 - Initializing MCU STM32F446R(C-E)Tx STM32F446RETx STM32F446RET6
2026-01-16 16:53:55,881 [INFO] Context:659 - Trying to add GPIOservice into a context  which must be forbidden
2026-01-16 16:53:56,508 [INFO] RtosManager:555 - Registered RTOS mode: class=CMSIS, group=RTOS, mode=CMSIS_V1, owner=FREERTOS
2026-01-16 16:53:56,508 [INFO] RtosManager:555 - Registered RTOS mode: class=CMSIS, group=RTOS2, mode=CMSIS_V2, owner=FREERTOS
2026-01-16 16:53:56,508 [INFO] RtosManager:555 - Registered RTOS mode: class=RTOS, group=Core, mode=CMSIS_V1, owner=FREERTOS
2026-01-16 16:53:56,508 [INFO] RtosManager:555 - Registered RTOS mode: class=RTOS, group=Core, mode=CMSIS_V2, owner=FREERTOS
2026-01-16 16:53:56,508 [WARN] ModelIntegratedComponent:184 - Missing modes for component STMicroelectronics:FreeRTOS:0.0.1:STMicroelectronics:RTOS:FreeRTOS:Core:::10.2.0:
2026-01-16 16:53:56,520 [WARN] ModelIntegratedComponent:63 - No mode defined for component null
2026-01-16 16:53:56,520 [WARN] ModelIntegratedComponent:63 - No mode defined for component null
2026-01-16 16:53:56,520 [WARN] ModelIntegratedComponent:63 - No mode defined for component null
2026-01-16 16:53:56,520 [WARN] ModelIntegratedComponent:63 - No mode defined for component null
2026-01-16 16:53:56,520 [WARN] ModelIntegratedComponent:63 - No mode defined for component null
2026-01-16 16:53:56,522 [WARN] ModelIntegratedComponent:63 - No mode defined for component null
2026-01-16 16:53:56,522 [WARN] ModelIntegratedComponent:63 - No mode defined for component null
2026-01-16 16:53:56,522 [WARN] ModelIntegratedComponent:63 - No mode defined for component null
2026-01-16 16:53:56,522 [WARN] ModelIntegratedComponent:63 - No mode defined for component null
2026-01-16 16:53:56,522 [WARN] ModelIntegratedComponent:63 - No mode defined for component null
2026-01-16 16:53:56,522 [WARN] ModelIntegratedComponent:63 - No mode defined for component null
2026-01-16 16:53:56,522 [WARN] ModelIntegratedComponent:63 - No mode defined for component null
2026-01-16 16:53:56,522 [WARN] ModelIntegratedComponent:63 - No mode defined for component null
2026-01-16 16:53:56,522 [WARN] ModelIntegratedComponent:63 - No mode defined for component null
2026-01-16 16:53:56,522 [WARN] ModelIntegratedComponent:63 - No mode defined for component null
2026-01-16 16:53:56,522 [WARN] ModelIntegratedComponent:63 - No mode defined for component null
2026-01-16 16:53:56,522 [WARN] ModelIntegratedComponent:63 - No mode defined for component null
2026-01-16 16:53:56,522 [WARN] ModelIntegratedComponent:63 - No mode defined for component null
2026-01-16 16:53:56,522 [WARN] ModelIntegratedComponent:63 - No mode defined for component null
2026-01-16 16:53:56,522 [WARN] ModelIntegratedComponent:63 - No mode defined for component null
2026-01-16 16:53:56,522 [WARN] ModelIntegratedComponent:63 - No mode defined for component null
2026-01-16 16:53:56,522 [WARN] ModelIntegratedComponent:63 - No mode defined for component null
2026-01-16 16:53:56,522 [WARN] ModelIntegratedComponent:63 - No mode defined for component null
2026-01-16 16:53:56,522 [WARN] ModelIntegratedComponent:63 - No mode defined for component null
2026-01-16 16:53:56,522 [WARN] ModelIntegratedComponent:63 - No mode defined for component null
2026-01-16 16:53:56,522 [WARN] ModelIntegratedComponent:63 - No mode defined for component null
2026-01-16 16:53:56,522 [WARN] ModelIntegratedComponent:63 - No mode defined for component null
2026-01-16 16:53:56,522 [WARN] ModelIntegratedComponent:63 - No mode defined for component null
2026-01-16 16:53:56,522 [WARN] ModelIntegratedComponent:63 - No mode defined for component null
2026-01-16 16:53:56,522 [WARN] ModelIntegratedComponent:63 - No mode defined for component null
2026-01-16 16:53:56,522 [WARN] ModelIntegratedComponent:63 - No mode defined for component null
2026-01-16 16:53:56,522 [WARN] ModelIntegratedComponent:63 - No mode defined for component null
2026-01-16 16:53:56,522 [WARN] ModelIntegratedComponent:63 - No mode defined for component null
2026-01-16 16:53:56,540 [INFO] ThirdPartyModel:298 - Start build external matchings
2026-01-16 16:53:56,662 [INFO] ThirdPartyModel:316 - End build external matchings
2026-01-16 16:53:56,958 [INFO] UtilMem:75 - End LoadConfig() Used Memory: 258265400 Bytes (401604608)
2026-01-16 16:53:57,152 [INFO] ApiDb:581 - Connected to CubeFinder SQLite database (C:\Users\hj.abijuru\.stmcufinder\plugins\mcufinder\mcu\cube-finder-db.db)
2026-01-16 16:53:57,279 [INFO] ApiDb:668 - CubeFinder database Data Model version=2.1
2026-01-16 16:53:57,279 [INFO] ApiDb:669 - CubeFinder database Configuration version=3.0.39
2026-01-16 16:53:57,279 [INFO] ApiDb:670 - CubeFinder database generation date=2025-12-22 (1766407740)
2026-01-16 16:53:57,279 [INFO] ApiDb:671 - CubeFinder database FW Pack versions=[FP-ATR-ASTRA1_V2.0.0, FP-SNS-FLIGHT1_V5.1.0, FP-SNS-MOTENV1_V5.1.0, FP-SNS-MOTENVWB1_V1.4.0, FP-SNS-SMARTAG2_V1.2.0, FP-SNS-STBOX1_V2.1.0, STM32Cube_FW_C0_V1.4.0, STM32Cube_FW_F4_V1.28.3, STM32Cube_FW_F7_V1.17.4, STM32Cube_FW_G0_V1.6.2, STM32Cube_FW_G4_V1.6.1, STM32Cube_FW_H5_V1.5.1, STM32Cube_FW_H7RS_V1.3.0, STM32Cube_FW_H7_V1.12.1, STM32Cube_FW_L0_V1.12.2, STM32Cube_FW_L4_V1.18.1, STM32Cube_FW_L5_V1.6.0, STM32Cube_FW_N6_V1.3.0, STM32Cube_FW_U0_V1.3.0, STM32Cube_FW_U3_V1.2.1, STM32Cube_FW_U5_V1.8.0, STM32Cube_FW_WB0_V1.4.0, STM32Cube_FW_WBA_V1.8.0, STM32Cube_FW_WB_V1.24.0, STM32Cube_FW_WL3_V1.3.0, STM32Cube_FW_WL_V1.4.0, X-CUBE-ALGOBUILD_V1.4.0, X-CUBE-ALS_V1.0.2, X-CUBE-AZRTOS-F4_V1.1.0, X-CUBE-AZRTOS-F7_V1.1.0, X-CUBE-AZRTOS-G0_V1.1.0, X-CUBE-AZRTOS-G4_V2.0.0, X-CUBE-AZRTOS-H7RS_V1.1.0, X-CUBE-AZRTOS-H7_V3.4.0, X-CUBE-AZRTOS-L4_V2.0.0, X-CUBE-AZRTOS-L5_V2.0.0, X-CUBE-AZRTOS-WB_V2.0.0, X-CUBE-AZRTOS-WL_V2.0.0, X-CUBE-BLE1_V7.1.0, X-CUBE-BLE2_V3.3.0, X-CUBE-BLEMGR_V4.1.0, X-CUBE-EEPRMA1_V5.2.0, X-CUBE-FREERTOS_V1.3.1, X-CUBE-GNSS1_V6.0.0, X-CUBE-MEMS1_V12.0.0, X-CUBE-NFC4_V3.0.0, X-CUBE-NFC7_V2.0.0, X-CUBE-SFXS2LP1_V4.0.0, X-CUBE-ST67W61_V1.1.0, X-CUBE-SUBG2_V5.0.0, X-CUBE-TOF1_V3.4.3]
2026-01-16 16:53:59,868 [INFO] ApiDb:240 - Found 297 in-development CPN: [B-G473E-ZEST1S, B-WB1M-WPAN1, B-WL5M-SUBG1, NUCLEO-C031C6, NUCLEO-H503RB, NUCLEO-H563ZI, NUCLEO-U545RE-Q, NUCLEO-U5A5ZJ-Q, NUCLEO-WBA52CG, STEVAL-PROTEUS1, STEVAL-STWINBX1, STM320518-EVAL, STM32C0116-DK, STM32C011D6Y3TR, STM32C011D6Y6TR, STM32C011F4P3, STM32C011F4P6, STM32C011F4U3, STM32C011F4U6TR, STM32C011F6P3, STM32C011F6P6, STM32C011F6U3, STM32C011F6U6TR, STM32C011J4M3, STM32C011J4M6, STM32C011J6M3, STM32C011J6M6, STM32C0316-DK, STM32C031C4T3, STM32C031C4T6, STM32C031C4U3, STM32C031C4U6, STM32C031C6T3, STM32C031C6T6, STM32C031C6U3, STM32C031C6U6, STM32C031F4P3, STM32C031F4P6, STM32C031F6P3, STM32C031F6P6, STM32C031G4U3, STM32C031G4U6, STM32C031G6U3, STM32C031G6U6, STM32C031K4T3, STM32C031K4T6, STM32C031K4U3, STM32C031K4U6, STM32C031K6T3, STM32C031K6T6, STM32C031K6U3, STM32C031K6U6, STM32G071K8TXN, STM32G071K8UXN, STM32G081GBU6N, STM32G081KBT6N, STM32G081KBUXN, STM32G0B1CCT6N, STM32G0B1KCT6, STM32G0B1NEY6TR, STM32G0B1RCT6N, STM32G0C1CCT6, STM32G0C1CCT6N, STM32G0C1CCU6N, STM32G0C1CET6N, STM32G0C1CEU6N, STM32G0C1KCT6, STM32G0C1NEY6TR, STM32G0C1RCI6N, STM32G0C1RCT6N, STM32G0C1REI6N, STM32G0C1RET6N, STM32G0C1VCI6, STM32G0C1VEI6, STM32G471CCT6, STM32G471CCU6, STM32G471CET3, STM32G471CET6, STM32G471CEU3, STM32G471CEU6, STM32G471MCT6, STM32G471MET3, STM32G471MET6, STM32G471MEY6TR, STM32G471QCT6, STM32G471QET3, STM32G471RCT6, STM32G471RET3, STM32G471RET6, STM32G471VCH6, STM32G471VCI6, STM32G471VCT6, STM32G471VEH3, STM32G471VEH6, STM32G471VEI3, STM32G471VEI6, STM32G471VET3, STM32G471VET6, STM32G474CCT6, STM32H503CBT6, STM32H503CBU6, STM32H503EBY6TR, STM32H503KBU6, STM32H503RBT6, STM32H562AGI6, STM32H562AII6, STM32H562IGK6, STM32H562IGT6, STM32H562IIK6, STM32H562IIT6, STM32H562RGT6, STM32H562RGV6, STM32H562RIT6, STM32H562RIV6, STM32H562VGT6, STM32H562VIT6, STM32H562ZGT6, STM32H562ZIT6, STM32H563AGI6, STM32H563AII3Q, STM32H563AII6, STM32H563IGK6, STM32H563IGT6, STM32H563IIK3Q, STM32H563IIK6, STM32H563IIT3Q, STM32H563IIT6, STM32H563MIY3QTR, STM32H563RGT6, STM32H563RGV6, STM32H563RIT6, STM32H563RIV6, STM32H563VGT6, STM32H563VIT3Q, STM32H563VIT6, STM32H563ZGT6, STM32H563ZIT3Q, STM32H563ZIT6, STM32H573AII3Q, STM32H573AII6, STM32H573I-DK, STM32H573IIK3Q, STM32H573IIK6, STM32H573IIT3Q, STM32H573IIT6, STM32H573MIY3QTR, STM32H573RIT6, STM32H573RIV6, STM32H573VIT3Q, STM32H573VIT6, STM32H573ZIT3Q, STM32H573ZIT6, STM32L4R5QGI6STR, STM32MP131AAE3, STM32MP131AAF3, STM32MP131AAG3, STM32MP131CAE3, STM32MP131CAF3, STM32MP131CAG3, STM32MP131DAE7, STM32MP131DAF7, STM32MP131DAG7, STM32MP131FAE7, STM32MP131FAF7, STM32MP131FAG7, STM32MP133AAE3, STM32MP133AAF3, STM32MP133AAG3, STM32MP133CAE3, STM32MP133CAF3, STM32MP133CAG3, STM32MP133DAE7, STM32MP133DAF7, STM32MP133DAG7, STM32MP133FAE7, STM32MP133FAF7, STM32MP133FAG7, STM32MP135AAE3, STM32MP135AAF3, STM32MP135AAG3, STM32MP135CAE3, STM32MP135CAF3, STM32MP135CAG3, STM32MP135DAE7, STM32MP135DAF7, STM32MP135DAG7, STM32MP135F-DK, STM32MP135FAE7, STM32MP135FAF7, STM32MP135FAF7T, STM32MP135FAF7U, STM32MP135FAG7, STM32U535CBT6, STM32U535CBT6Q, STM32U535CBU6, STM32U535CBU6Q, STM32U535CCT6, STM32U535CCT6Q, STM32U535CCU6, STM32U535CCU6Q, STM32U535CET6, STM32U535CET6Q, STM32U535CEU6, STM32U535CEU6Q, STM32U535JEY6QTR, STM32U535NCY6QTR, STM32U535NEY6QTR, STM32U535RBI6, STM32U535RBI6Q, STM32U535RBT6, STM32U535RBT6Q, STM32U535RCI6, STM32U535RCI6Q, STM32U535RCT6, STM32U535RCT6Q, STM32U535REI6, STM32U535REI6Q, STM32U535RET6, STM32U535RET6Q, STM32U535VCI6, STM32U535VCI6Q, STM32U535VCT6, STM32U535VCT6Q, STM32U535VEI6, STM32U535VEI6Q, STM32U535VET6, STM32U535VET6Q, STM32U545CET6, STM32U545CET6Q, STM32U545CEU6, STM32U545CEU6Q, STM32U545JEY6QTR, STM32U545NEY6QTR, STM32U545REI6, STM32U545REI6Q, STM32U545RET6, STM32U545RET6Q, STM32U545VEI6, STM32U545VEI6Q, STM32U545VET6, STM32U545VET6Q, STM32U595AIH6, STM32U595AIH6Q, STM32U595AJH6, STM32U595AJH6Q, STM32U595QII6, STM32U595QII6Q, STM32U595QJI6, STM32U595QJI6Q, STM32U595RIT6, STM32U595RIT6Q, STM32U595RJT6, STM32U595RJT6Q, STM32U595VIT6, STM32U595VIT6Q, STM32U595VJT6, STM32U595VJT6Q, STM32U595ZIT6, STM32U595ZIT6Q, STM32U595ZIY6QTR, STM32U595ZJT6, STM32U595ZJT6Q, STM32U595ZJY6QTR, STM32U599BJY6QTR, STM32U599NIH6Q, STM32U599NJH6Q, STM32U599VIT6Q, STM32U599VJT6, STM32U599VJT6Q, STM32U599ZIT6Q, STM32U599ZIY6QTR, STM32U599ZJT6Q, STM32U599ZJY6QTR, STM32U5A5AJH6, STM32U5A5AJH6Q, STM32U5A5QJI6, STM32U5A5QJI6Q, STM32U5A5RJT6, STM32U5A5RJT6Q, STM32U5A5VJT6, STM32U5A5VJT6Q, STM32U5A5ZJT6, STM32U5A5ZJT6Q, STM32U5A5ZJY6QTR, STM32U5A9BJY6QTR, STM32U5A9J-DK, STM32U5A9NJH6Q, STM32U5A9VJT6Q, STM32U5A9ZJT6Q, STM32U5A9ZJY6QTR, STM32WB1MMCH6, STM32WBA52CEU6, STM32WBA52CEU6T, STM32WBA52CGU6, STM32WBA52CGU6T, STM32WL5MOCH6, STM32WL5MOCH6TR]
2026-01-16 16:53:59,868 [INFO] DbMcus:216 - Found 4794 MCUs, 4794 are supported
2026-01-16 16:53:59,884 [INFO] ApiDb:423 - Load user favorites file C:\Users\hj.abijuru/.stm32cubeide/favorites.mcus.txt: 0 item(s)
2026-01-16 16:53:59,884 [INFO] ApiDb:427 - User favorites MCUs=[]
2026-01-16 16:53:59,884 [INFO] DbMcus:222 - Set 0 / 0 favorites MCUs
2026-01-16 16:54:00,314 [WARN] ThirdParty:833 - waiting for thirdparty lock release [change project]
2026-01-16 16:54:00,314 [INFO] ThirdParty:835 - entering critical section [change project]
2026-01-16 16:54:00,314 [INFO] ThirdParty:1030 - CMSIS Pack Vendor :STMicroelectronics X-CUBE-PM33A1 1.0.0
2026-01-16 16:54:00,314 [INFO] ThirdParty:1030 - CMSIS Pack Vendor :STMicroelectronics X-CUBE-NFC9 1.0.0
2026-01-16 16:54:00,314 [INFO] ThirdParty:1030 - CMSIS Pack Vendor :STMicroelectronics USB_HOST 2.0.0
2026-01-16 16:54:00,314 [INFO] ThirdParty:1030 - CMSIS Pack Vendor :STMicroelectronics FP-SNS-MOTENVWB1 1.4.0
2026-01-16 16:54:00,314 [INFO] ThirdParty:1030 - CMSIS Pack Vendor :STMicroelectronics X-CUBE-AZRTOS-F4 1.1.0
2026-01-16 16:54:00,314 [INFO] ThirdParty:1030 - CMSIS Pack Vendor :STMicroelectronics LIBJPEG 8.0.0
2026-01-16 16:54:00,314 [INFO] ThirdParty:1030 - CMSIS Pack Vendor :STMicroelectronics FP-ATR-ASTRA1 2.0.2
2026-01-16 16:54:00,314 [INFO] ThirdParty:1030 - CMSIS Pack Vendor :STMicroelectronics X-CUBE-BLE1 7.1.0
2026-01-16 16:54:00,314 [INFO] ThirdParty:1030 - CMSIS Pack Vendor :STMicroelectronics X-CUBE-SMBUS 2.1.0
2026-01-16 16:54:00,314 [INFO] ThirdParty:1030 - CMSIS Pack Vendor :wolfSSL I-CUBE-wolfMQTT 1.19.2
2026-01-16 16:54:00,314 [INFO] ThirdParty:1030 - CMSIS Pack Vendor :STMicroelectronics USB_DEVICE 3.0.0
2026-01-16 16:54:00,314 [INFO] ThirdParty:1030 - CMSIS Pack Vendor :STMicroelectronics X-CUBE-ISPU 2.1.0
2026-01-16 16:54:00,314 [INFO] ThirdParty:1030 - CMSIS Pack Vendor :STMicroelectronics X-CUBE-EEPRMA1 5.2.0
2026-01-16 16:54:00,314 [INFO] ThirdParty:1030 - CMSIS Pack Vendor :STMicroelectronics X-CUBE-AZRTOS-WB 2.0.0
2026-01-16 16:54:00,314 [INFO] ThirdParty:1030 - CMSIS Pack Vendor :wolfSSL I-CUBE-wolfSSL 5.8.4
2026-01-16 16:54:00,314 [INFO] ThirdParty:1030 - CMSIS Pack Vendor :STMicroelectronics X-CUBE-NFC12 1.0.0
2026-01-16 16:54:00,314 [INFO] ThirdParty:1030 - CMSIS Pack Vendor :STMicroelectronics X-CUBE-AZRTOS-F7 1.1.0
2026-01-16 16:54:00,314 [INFO] ThirdParty:1030 - CMSIS Pack Vendor :STMicroelectronics X-CUBE-AZRTOS-L5 2.0.0
2026-01-16 16:54:00,314 [INFO] ThirdParty:1030 - CMSIS Pack Vendor :STMicroelectronics USB_DEVICE 2.0.0
2026-01-16 16:54:00,314 [INFO] ThirdParty:1030 - CMSIS Pack Vendor :STMicroelectronics X-CUBE-NFC6 3.1.0
2026-01-16 16:54:00,314 [INFO] ThirdParty:1030 - CMSIS Pack Vendor :STMicroelectronics X-CUBE-MEMS1 12.0.0
2026-01-16 16:54:00,314 [INFO] ThirdParty:1030 - CMSIS Pack Vendor :STMicroelectronics FreeRTOS 0.0.1
2026-01-16 16:54:00,314 [INFO] ThirdParty:1030 - CMSIS Pack Vendor :STMicroelectronics X-CUBE-AZRTOS-G0 1.1.0
2026-01-16 16:54:00,314 [INFO] ThirdParty:1030 - CMSIS Pack Vendor :STMicroelectronics X-CUBE-NFC4 3.0.0
2026-01-16 16:54:00,314 [INFO] ThirdParty:1030 - CMSIS Pack Vendor :STMicroelectronics X-CUBE-SUBG2 5.0.0
2026-01-16 16:54:00,314 [INFO] ThirdParty:1030 - CMSIS Pack Vendor :STMicroelectronics STM32_WPAN 1.0.0
2026-01-16 16:54:00,314 [INFO] ThirdParty:1030 - CMSIS Pack Vendor :STMicroelectronics lwIP 2.0.3
2026-01-16 16:54:00,314 [INFO] ThirdParty:1030 - CMSIS Pack Vendor :STMicroelectronics USB_HOST 1.0.0
2026-01-16 16:54:00,314 [INFO] ThirdParty:1030 - CMSIS Pack Vendor :STMicroelectronics X-CUBE-AZRTOS-G4 2.0.0
2026-01-16 16:54:00,314 [INFO] ThirdParty:1030 - CMSIS Pack Vendor :STMicroelectronics X-CUBE-WB05N 2.0.0
2026-01-16 16:54:00,314 [INFO] ThirdParty:1030 - CMSIS Pack Vendor :STMicroelectronics PDM2PCM 3.1.0
2026-01-16 16:54:00,314 [INFO] ThirdParty:1030 - CMSIS Pack Vendor :STMicroelectronics PDM2PCM 3.3.0
2026-01-16 16:54:00,314 [INFO] ThirdParty:1030 - CMSIS Pack Vendor :wolfSSL I-CUBE-wolfTPM 3.8.0
2026-01-16 16:54:00,314 [INFO] ThirdParty:1030 - CMSIS Pack Vendor :STMicroelectronics X-CUBE-AZRTOS-H7 3.4.0
2026-01-16 16:54:00,314 [INFO] ThirdParty:1030 - CMSIS Pack Vendor :STMicroelectronics X-CUBE-DISPLAY 3.0.0
2026-01-16 16:54:00,314 [INFO] ThirdParty:1030 - CMSIS Pack Vendor :wolfSSL I-CUBE-wolfSSH 1.4.20
2026-01-16 16:54:00,314 [INFO] ThirdParty:1030 - CMSIS Pack Vendor :STMicroelectronics X-CUBE-NFC7 2.0.0
2026-01-16 16:54:00,314 [INFO] ThirdParty:1030 - CMSIS Pack Vendor :STMicroelectronics FP-ATR-SIGFOX1 3.2.0
2026-01-16 16:54:00,314 [INFO] ThirdParty:1030 - CMSIS Pack Vendor :STMicroelectronics X-CUBE-NFC10 1.0.0
2026-01-16 16:54:00,314 [INFO] ThirdParty:1030 - CMSIS Pack Vendor :STMicroelectronics HAL Drivers 0.0.0
2026-01-16 16:54:00,314 [INFO] ThirdParty:1030 - CMSIS Pack Vendor :STMicroelectronics MBEDTLS 2.16.2
2026-01-16 16:54:00,314 [INFO] ThirdParty:1030 - CMSIS Pack Vendor :STMicroelectronics X-CUBE-ALS 1.0.2
2026-01-16 16:54:00,314 [INFO] ThirdParty:1030 - CMSIS Pack Vendor :emotas I-CUBE-CANOPEN 1.3.0
2026-01-16 16:54:00,314 [INFO] ThirdParty:1030 - CMSIS Pack Vendor :STMicroelectronics MBEDTLS 2.14.1
2026-01-16 16:54:00,314 [INFO] ThirdParty:1030 - CMSIS Pack Vendor :STMicroelectronics X-CUBE-GNSS1 7.1.0
2026-01-16 16:54:00,314 [INFO] ThirdParty:1030 - CMSIS Pack Vendor :ITTIA_DB I-CUBE-ITTIADB 8.9.0
2026-01-16 16:54:00,314 [INFO] ThirdParty:1030 - CMSIS Pack Vendor :STMicroelectronics X-CUBE-TOUCHGFX 4.26.0
2026-01-16 16:54:00,314 [INFO] ThirdParty:1030 - CMSIS Pack Vendor :STMicroelectronics X-CUBE-STSE01 1.0.0
2026-01-16 16:54:00,314 [INFO] ThirdParty:1030 - CMSIS Pack Vendor :STMicroelectronics X-CUBE-AI 10.2.0
2026-01-16 16:54:00,314 [INFO] ThirdParty:1030 - CMSIS Pack Vendor :STMicroelectronics ThreadX 1.0.0
2026-01-16 16:54:00,314 [INFO] ThirdParty:1030 - CMSIS Pack Vendor :STMicroelectronics FP-SNS-SMARTAG2 1.2.0
2026-01-16 16:54:00,314 [INFO] ThirdParty:1030 - CMSIS Pack Vendor :STMicroelectronics X-CUBE-AZRTOS-WL 2.0.0
2026-01-16 16:54:00,314 [INFO] ThirdParty:1030 - CMSIS Pack Vendor :SEGGER I-CUBE-embOS 1.3.1
2026-01-16 16:54:00,314 [INFO] ThirdParty:1030 - CMSIS Pack Vendor :STMicroelectronics X-CUBE-ALGOBUILD 1.4.0
2026-01-16 16:54:00,314 [INFO] ThirdParty:1030 - CMSIS Pack Vendor :STMicroelectronics USB_DEVICE 1.0.0
2026-01-16 16:54:00,314 [INFO] ThirdParty:1030 - CMSIS Pack Vendor :STMicroelectronics X-CUBE-AZRTOS-H7RS 1.2.0
2026-01-16 16:54:00,314 [INFO] ThirdParty:1030 - CMSIS Pack Vendor :STMicroelectronics X-CUBE-AZRTOS-L4 2.0.0
2026-01-16 16:54:00,314 [INFO] ThirdParty:1030 - CMSIS Pack Vendor :STMicroelectronics ThreadX 0.0.2
2026-01-16 16:54:00,314 [INFO] ThirdParty:1030 - CMSIS Pack Vendor :STMicroelectronics lwIP 2.1.2
2026-01-16 16:54:00,314 [INFO] ThirdParty:1030 - CMSIS Pack Vendor :STMicroelectronics X-CUBE-SFXS2LP1 4.0.0
2026-01-16 16:54:00,314 [INFO] ThirdParty:1030 - CMSIS Pack Vendor :STMicroelectronics X-CUBE-BLE2 3.3.0
2026-01-16 16:54:00,314 [INFO] ThirdParty:1030 - CMSIS Pack Vendor :STMicroelectronics PDM2PCM 3.2.0
2026-01-16 16:54:00,314 [INFO] ThirdParty:841 - exiting critical section [change project]
2026-01-16 16:54:00,756 [INFO] PinOutPanel:1499 - setPackage(No Configuration,No Configuration)
2026-01-16 16:54:00,756 [INFO] PinOutPanel:1499 - setPackage(STM32F446RETx,LQFP64)
2026-01-16 16:54:01,358 [INFO] UtilMem:75 - Before build in PCC Used Memory: 197543528 Bytes (501219328)
2026-01-16 16:54:02,112 [INFO] UtilMem:75 - After build in PCC Used Memory: 381570664 Bytes (501219328)
2026-01-16 16:54:02,140 [INFO] IPUIPlugin:80 - create IPUIPlugin
2026-01-16 16:54:02,140 [INFO] IPUIPlugin:80 - create IPUIPlugin
2026-01-16 16:54:02,140 [INFO] IPUIPlugin:80 - create IPUIPlugin
2026-01-16 16:54:02,140 [INFO] IPUIPlugin:80 - create IPUIPlugin
2026-01-16 16:54:02,140 [INFO] IPUIPlugin:80 - create IPUIPlugin
2026-01-16 16:54:02,140 [INFO] IPUIPlugin:80 - create IPUIPlugin
2026-01-16 16:54:02,140 [INFO] IPUIPlugin:80 - create IPUIPlugin
2026-01-16 16:54:02,140 [INFO] IPUIPlugin:80 - create IPUIPlugin
2026-01-16 16:54:02,140 [INFO] IPUIPlugin:80 - create IPUIPlugin
2026-01-16 16:54:02,142 [INFO] IPUIPlugin:80 - create IPUIPlugin
2026-01-16 16:54:02,169 [INFO] IPUIPlugin:80 - create IPUIPlugin
2026-01-16 16:54:02,169 [INFO] IPUIPlugin:80 - create IPUIPlugin
2026-01-16 16:54:02,169 [INFO] IPUIPlugin:80 - create IPUIPlugin
2026-01-16 16:54:02,169 [INFO] IPUIPlugin:80 - create IPUIPlugin
2026-01-16 16:54:02,169 [INFO] IPUIPlugin:80 - create IPUIPlugin
2026-01-16 16:54:02,169 [INFO] IPUIPlugin:80 - create IPUIPlugin
2026-01-16 16:54:02,169 [INFO] IPUIPlugin:80 - create IPUIPlugin
2026-01-16 16:54:02,169 [INFO] IPUIPlugin:80 - create IPUIPlugin
2026-01-16 16:54:02,169 [INFO] IPUIPlugin:80 - create IPUIPlugin
2026-01-16 16:54:02,169 [INFO] IPUIPlugin:80 - create IPUIPlugin
2026-01-16 16:54:02,169 [INFO] IPUIPlugin:80 - create IPUIPlugin
2026-01-16 16:54:02,172 [INFO] IPUIPlugin:80 - create IPUIPlugin
2026-01-16 16:54:02,172 [INFO] IPUIPlugin:80 - create IPUIPlugin
2026-01-16 16:54:02,172 [INFO] IPUIPlugin:80 - create IPUIPlugin
2026-01-16 16:54:02,172 [INFO] IPUIPlugin:80 - create IPUIPlugin
2026-01-16 16:54:02,172 [INFO] IPUIPlugin:80 - create IPUIPlugin
2026-01-16 16:54:02,172 [INFO] IPUIPlugin:80 - create IPUIPlugin
2026-01-16 16:54:02,172 [INFO] IPUIPlugin:80 - create IPUIPlugin
2026-01-16 16:54:02,172 [INFO] IPUIPlugin:80 - create IPUIPlugin
2026-01-16 16:54:02,172 [INFO] IPUIPlugin:80 - create IPUIPlugin
2026-01-16 16:54:02,172 [INFO] IPUIPlugin:80 - create IPUIPlugin
2026-01-16 16:54:02,172 [INFO] IPUIPlugin:80 - create IPUIPlugin
2026-01-16 16:54:02,172 [INFO] IPUIPlugin:80 - create IPUIPlugin
2026-01-16 16:54:02,172 [INFO] IPUIPlugin:80 - create IPUIPlugin
2026-01-16 16:54:02,172 [INFO] IPUIPlugin:80 - create IPUIPlugin
2026-01-16 16:54:02,172 [INFO] IPUIPlugin:80 - create IPUIPlugin
2026-01-16 16:54:02,172 [INFO] IPUIPlugin:80 - create IPUIPlugin
2026-01-16 16:54:02,172 [INFO] IPUIPlugin:80 - create IPUIPlugin
2026-01-16 16:54:02,172 [INFO] IPUIPlugin:80 - create IPUIPlugin
2026-01-16 16:54:02,172 [INFO] IPUIPlugin:80 - create IPUIPlugin
2026-01-16 16:54:02,172 [INFO] IPUIPlugin:80 - create IPUIPlugin
2026-01-16 16:54:02,172 [INFO] IPUIPlugin:80 - create IPUIPlugin
2026-01-16 16:54:02,172 [INFO] IPUIPlugin:80 - create IPUIPlugin
2026-01-16 16:54:02,172 [INFO] IPUIPlugin:80 - create IPUIPlugin
2026-01-16 16:54:02,172 [INFO] IPUIPlugin:80 - create IPUIPlugin
2026-01-16 16:54:02,172 [INFO] IPUIPlugin:80 - create IPUIPlugin
2026-01-16 16:54:02,172 [INFO] IPUIPlugin:80 - create IPUIPlugin
2026-01-16 16:54:02,172 [INFO] IPUIPlugin:80 - create IPUIPlugin
2026-01-16 16:54:02,172 [INFO] IPUIPlugin:80 - create IPUIPlugin
2026-01-16 16:54:02,172 [INFO] IPUIPlugin:80 - create IPUIPlugin
2026-01-16 16:54:02,172 [INFO] IPUIPlugin:80 - create IPUIPlugin
2026-01-16 16:54:02,172 [INFO] IPUIPlugin:80 - create IPUIPlugin
2026-01-16 16:54:02,172 [INFO] IPUIPlugin:80 - create IPUIPlugin
2026-01-16 16:54:02,172 [INFO] IPUIPlugin:80 - create IPUIPlugin
2026-01-16 16:54:02,172 [INFO] IPUIPlugin:80 - create IPUIPlugin
2026-01-16 16:54:02,172 [INFO] IPUIPlugin:80 - create IPUIPlugin
2026-01-16 16:54:02,183 [INFO] IPUIPlugin:80 - create IPUIPlugin
2026-01-16 16:54:02,183 [INFO] IPUIPlugin:80 - create IPUIPlugin
2026-01-16 16:54:02,183 [INFO] IPUIPlugin:80 - create IPUIPlugin
2026-01-16 16:54:02,183 [INFO] IPUIPlugin:80 - create IPUIPlugin
2026-01-16 16:54:02,249 [INFO] ApiDbMcu:507 - Load IP Config File for PDM2PCM
2026-01-16 16:54:02,405 [INFO] CADModel:165 - CPN selected for project levelSTM32F446RET6
2026-01-16 16:54:02,405 [INFO] CADModel:114 - Register for checkConnection events
2026-01-16 16:54:02,489 [INFO] OpenFileManager:328 - Restore cursor
2026-01-16 16:54:05,345 [ERROR] LogOutputStream:75 - [STDERR_REDIRECT] SLF4J: Failed to load class "org.slf4j.impl.StaticLoggerBinder".
2026-01-16 16:54:05,345 [ERROR] LogOutputStream:75 - [STDERR_REDIRECT] SLF4J: Defaulting to no-operation (NOP) logger implementation
2026-01-16 16:54:05,345 [ERROR] LogOutputStream:75 - [STDERR_REDIRECT] SLF4J: See http://www.slf4j.org/codes.html#StaticLoggerBinder for further details.
2026-01-16 16:59:16,820 [INFO] Gpio:273 - dependency for GPIO []
2026-01-16 16:59:20,649 [INFO] NvicIntPanel:101 - NVIC parent = com.st.microxplorer.plugins.ip.nvic.MultiNvicIntPanel[,2,27,643x222,layout=javax.swing.BoxLayout,alignmentX=0.0,alignmentY=0.0,border=,flags=9,maximumSize=,minimumSize=,preferredSize=]
2026-01-16 16:59:23,047 [INFO] Gpio:273 - dependency for GPIO []
2026-01-16 17:09:39,896 [INFO] UtilMem:75 - End SaveConfig() Used Memory: 670489944 Bytes (794820608)
2026-01-16 17:09:43,192 [INFO] UtilMem:75 - End SaveConfig() Used Memory: 672511456 Bytes (794820608)
2026-01-16 17:09:45,362 [INFO] UtilMem:75 - End SaveConfig() Used Memory: 691647000 Bytes (794820608)
2026-01-16 17:09:46,224 [INFO] BlockDiagram:2759 - set Specific Code input for plugin: SYS
2026-01-16 17:09:46,224 [INFO] BlockDiagram:2759 - set Specific Code input for plugin: RCC
2026-01-16 17:09:46,224 [INFO] BlockDiagram:2759 - set Specific Code input for plugin: NVIC
2026-01-16 17:09:46,224 [INFO] BlockDiagram:2759 - set Specific Code input for plugin: GPIO
2026-01-16 17:09:46,228 [INFO] CodeGenerator:793 - code generatio: config db path: C:\ST\STM32CubeIDE_1.12.1\STM32CubeIDE\plugins\com.st.stm32cube.common.mx_6.8.1.202304191431\\db\
2026-01-16 17:09:46,721 [INFO] CodeEngine:255 - oldGeneratedFile, C:\Users\hj.abijuru\Documents\formations_udemy\freertos\RTOS_workspace\FreeRTOS_Project\MXTmpFiles\license.tmp_save
2026-01-16 17:09:47,171 [INFO] CodeEngine:279 - Generated code: C:\Users\hj.abijuru\Documents\formations_udemy\freertos\RTOS_workspace\FreeRTOS_Project\MXTmpFiles\license.tmp
2026-01-16 17:09:47,243 [INFO] CodeEngine:255 - oldGeneratedFile, C:\Users\hj.abijuru\Documents\formations_udemy\freertos\RTOS_workspace\FreeRTOS_Project\MXTmpFiles\gpio.tmp_save
2026-01-16 17:09:47,372 [INFO] CodeEngine:279 - Generated code: C:\Users\hj.abijuru\Documents\formations_udemy\freertos\RTOS_workspace\FreeRTOS_Project\MXTmpFiles\gpio.tmp
2026-01-16 17:09:47,437 [INFO] CodeEngine:255 - oldGeneratedFile, C:\Users\hj.abijuru\Documents\formations_udemy\freertos\RTOS_workspace\FreeRTOS_Project\Core\Src\stm32f4xx_it.c_save
2026-01-16 17:09:47,605 [INFO] CodeEngine:279 - Generated code: C:\Users\hj.abijuru\Documents\formations_udemy\freertos\RTOS_workspace\FreeRTOS_Project\Core\Src\stm32f4xx_it.c
2026-01-16 17:09:47,633 [INFO] CodeEngine:255 - oldGeneratedFile, C:\Users\hj.abijuru\Documents\formations_udemy\freertos\RTOS_workspace\FreeRTOS_Project\Core\Inc\stm32f4xx_it.h_save
2026-01-16 17:09:47,737 [INFO] CodeEngine:279 - Generated code: C:\Users\hj.abijuru\Documents\formations_udemy\freertos\RTOS_workspace\FreeRTOS_Project\Core\Inc\stm32f4xx_it.h
2026-01-16 17:09:47,793 [INFO] CodeEngine:255 - oldGeneratedFile, C:\Users\hj.abijuru\Documents\formations_udemy\freertos\RTOS_workspace\FreeRTOS_Project\Core\Src\stm32f4xx_hal_msp.c_save
2026-01-16 17:09:47,975 [INFO] CodeEngine:279 - Generated code: C:\Users\hj.abijuru\Documents\formations_udemy\freertos\RTOS_workspace\FreeRTOS_Project\Core\Src\stm32f4xx_hal_msp.c
2026-01-16 17:09:47,998 [INFO] CodeEngine:255 - oldGeneratedFile, C:\Users\hj.abijuru\Documents\formations_udemy\freertos\RTOS_workspace\FreeRTOS_Project\MXTmpFiles\system.tmp_save
2026-01-16 17:09:48,104 [INFO] CodeEngine:279 - Generated code: C:\Users\hj.abijuru\Documents\formations_udemy\freertos\RTOS_workspace\FreeRTOS_Project\MXTmpFiles\system.tmp
2026-01-16 17:09:48,130 [INFO] CodeEngine:255 - oldGeneratedFile, C:\Users\hj.abijuru\Documents\formations_udemy\freertos\RTOS_workspace\FreeRTOS_Project\Core\Src\stm32f4xx_hal_timebase_tim.c_save
2026-01-16 17:09:48,254 [INFO] CodeEngine:279 - Generated code: C:\Users\hj.abijuru\Documents\formations_udemy\freertos\RTOS_workspace\FreeRTOS_Project\Core\Src\stm32f4xx_hal_timebase_tim.c
2026-01-16 17:09:48,320 [INFO] CodeEngine:311 - oldGeneratedFile, C:\Users\hj.abijuru\Documents\formations_udemy\freertos\RTOS_workspace\FreeRTOS_Project\Core\Inc\stm32f4xx_hal_conf.h_save
2026-01-16 17:09:48,452 [INFO] CodeEngine:335 - Generated code: C:\Users\hj.abijuru\Documents\formations_udemy\freertos\RTOS_workspace\FreeRTOS_Project\Core\Inc\stm32f4xx_hal_conf.h
2026-01-16 17:09:48,538 [WARN] IPConfigManager:2937 - Warning: the RefConfig PLL2P_FOR_MCO is not available in your config.xml file
2026-01-16 17:09:48,599 [INFO] CodeEngine:255 - oldGeneratedFile, C:\Users\hj.abijuru\Documents\formations_udemy\freertos\RTOS_workspace\FreeRTOS_Project\Core\Inc\main.h_save
2026-01-16 17:09:48,762 [INFO] CodeEngine:279 - Generated code: C:\Users\hj.abijuru\Documents\formations_udemy\freertos\RTOS_workspace\FreeRTOS_Project\Core\Inc\main.h
2026-01-16 17:09:48,787 [INFO] CodeEngine:255 - oldGeneratedFile, C:\Users\hj.abijuru\Documents\formations_udemy\freertos\RTOS_workspace\FreeRTOS_Project\Core\Src\main.c_save
2026-01-16 17:09:48,954 [INFO] CodeEngine:279 - Generated code: C:\Users\hj.abijuru\Documents\formations_udemy\freertos\RTOS_workspace\FreeRTOS_Project\Core\Src\main.c
2026-01-16 17:09:49,848 [INFO] ProjectBuilder:2996 - Time for Copy HAL[1] : 306mS.
2026-01-16 17:09:49,871 [INFO] ProjectBuilder:4304 - Project Generator version: 3.19.2
2026-01-16 17:09:50,257 [INFO] ConfigFileManager:1483 - The Die is : DIE421
2026-01-16 17:09:50,270 [INFO] ApiDbMcu:507 - Load IP Config File for FATFS
2026-01-16 17:09:50,273 [INFO] ApiDbMcu:507 - Load IP Config File for FREERTOS
2026-01-16 17:09:50,281 [INFO] ApiDbMcu:507 - Load IP Config File for LIBJPEG
2026-01-16 17:09:50,281 [INFO] ApiDbMcu:507 - Load IP Config File for MBEDTLS
2026-01-16 17:09:50,289 [INFO] ApiDbMcu:507 - Load IP Config File for USB_DEVICE
2026-01-16 17:09:50,289 [INFO] ApiDbMcu:507 - Load IP Config File for USB_HOST
2026-01-16 17:09:51,162 [INFO] LogOutputStream:77 - [STDOUT_REDIRECT] 
2026-01-16 17:09:53,044 [INFO] ProjectBuilder:4505 - Time for Generating toolchain IDE Files: 3169mS.
2026-01-16 17:09:53,046 [INFO] ProjectBuilder:2867 - Time for Copy CMSIS : 2mS.
2026-01-16 17:09:53,052 [INFO] ProjectBuilder:2867 - Time for Copy CMSIS : 0mS.
2026-01-16 17:16:10,408 [INFO] UtilMem:75 - End SaveConfig() Used Memory: 713508128 Bytes (1023410176)
2026-01-16 17:16:12,169 [INFO] UtilMem:75 - End SaveConfig() Used Memory: 740248864 Bytes (1023410176)
2026-01-16 17:16:13,739 [INFO] UtilMem:75 - End SaveConfig() Used Memory: 781143328 Bytes (1023410176)
2026-01-16 17:16:14,173 [INFO] BlockDiagram:2759 - set Specific Code input for plugin: SYS
2026-01-16 17:16:14,173 [INFO] BlockDiagram:2759 - set Specific Code input for plugin: RCC
2026-01-16 17:16:14,173 [INFO] BlockDiagram:2759 - set Specific Code input for plugin: NVIC
2026-01-16 17:16:14,175 [INFO] BlockDiagram:2759 - set Specific Code input for plugin: GPIO
2026-01-16 17:16:14,177 [INFO] CodeGenerator:793 - code generatio: config db path: C:\ST\STM32CubeIDE_1.12.1\STM32CubeIDE\plugins\com.st.stm32cube.common.mx_6.8.1.202304191431\\db\
2026-01-16 17:16:14,461 [INFO] CodeEngine:255 - oldGeneratedFile, C:\Users\hj.abijuru\Documents\formations_udemy\freertos\RTOS_workspace\FreeRTOS_Project\MXTmpFiles\license.tmp_save
2026-01-16 17:16:14,577 [INFO] CodeEngine:279 - Generated code: C:\Users\hj.abijuru\Documents\formations_udemy\freertos\RTOS_workspace\FreeRTOS_Project\MXTmpFiles\license.tmp
2026-01-16 17:16:14,632 [INFO] CodeEngine:255 - oldGeneratedFile, C:\Users\hj.abijuru\Documents\formations_udemy\freertos\RTOS_workspace\FreeRTOS_Project\MXTmpFiles\gpio.tmp_save
2026-01-16 17:16:14,765 [INFO] CodeEngine:279 - Generated code: C:\Users\hj.abijuru\Documents\formations_udemy\freertos\RTOS_workspace\FreeRTOS_Project\MXTmpFiles\gpio.tmp
2026-01-16 17:16:14,852 [INFO] CodeEngine:255 - oldGeneratedFile, C:\Users\hj.abijuru\Documents\formations_udemy\freertos\RTOS_workspace\FreeRTOS_Project\Core\Src\stm32f4xx_it.c_save
2026-01-16 17:16:15,134 [INFO] CodeEngine:279 - Generated code: C:\Users\hj.abijuru\Documents\formations_udemy\freertos\RTOS_workspace\FreeRTOS_Project\Core\Src\stm32f4xx_it.c
2026-01-16 17:16:15,159 [INFO] CodeEngine:255 - oldGeneratedFile, C:\Users\hj.abijuru\Documents\formations_udemy\freertos\RTOS_workspace\FreeRTOS_Project\Core\Inc\stm32f4xx_it.h_save
2026-01-16 17:16:15,249 [INFO] CodeEngine:279 - Generated code: C:\Users\hj.abijuru\Documents\formations_udemy\freertos\RTOS_workspace\FreeRTOS_Project\Core\Inc\stm32f4xx_it.h
2026-01-16 17:16:15,296 [INFO] CodeEngine:255 - oldGeneratedFile, C:\Users\hj.abijuru\Documents\formations_udemy\freertos\RTOS_workspace\FreeRTOS_Project\Core\Src\stm32f4xx_hal_msp.c_save
2026-01-16 17:16:15,391 [INFO] CodeEngine:279 - Generated code: C:\Users\hj.abijuru\Documents\formations_udemy\freertos\RTOS_workspace\FreeRTOS_Project\Core\Src\stm32f4xx_hal_msp.c
2026-01-16 17:16:15,407 [INFO] CodeEngine:255 - oldGeneratedFile, C:\Users\hj.abijuru\Documents\formations_udemy\freertos\RTOS_workspace\FreeRTOS_Project\MXTmpFiles\system.tmp_save
2026-01-16 17:16:15,455 [INFO] CodeEngine:279 - Generated code: C:\Users\hj.abijuru\Documents\formations_udemy\freertos\RTOS_workspace\FreeRTOS_Project\MXTmpFiles\system.tmp
2026-01-16 17:16:15,471 [INFO] CodeEngine:255 - oldGeneratedFile, C:\Users\hj.abijuru\Documents\formations_udemy\freertos\RTOS_workspace\FreeRTOS_Project\Core\Src\stm32f4xx_hal_timebase_tim.c_save
2026-01-16 17:16:15,540 [INFO] CodeEngine:279 - Generated code: C:\Users\hj.abijuru\Documents\formations_udemy\freertos\RTOS_workspace\FreeRTOS_Project\Core\Src\stm32f4xx_hal_timebase_tim.c
2026-01-16 17:16:15,566 [INFO] CodeEngine:311 - oldGeneratedFile, C:\Users\hj.abijuru\Documents\formations_udemy\freertos\RTOS_workspace\FreeRTOS_Project\Core\Inc\stm32f4xx_hal_conf.h_save
2026-01-16 17:16:15,646 [INFO] CodeEngine:335 - Generated code: C:\Users\hj.abijuru\Documents\formations_udemy\freertos\RTOS_workspace\FreeRTOS_Project\Core\Inc\stm32f4xx_hal_conf.h
2026-01-16 17:16:15,665 [WARN] IPConfigManager:2937 - Warning: the RefConfig PLL2P_FOR_MCO is not available in your config.xml file
2026-01-16 17:16:15,699 [INFO] CodeEngine:255 - oldGeneratedFile, C:\Users\hj.abijuru\Documents\formations_udemy\freertos\RTOS_workspace\FreeRTOS_Project\Core\Inc\main.h_save
2026-01-16 17:16:15,788 [INFO] CodeEngine:279 - Generated code: C:\Users\hj.abijuru\Documents\formations_udemy\freertos\RTOS_workspace\FreeRTOS_Project\Core\Inc\main.h
2026-01-16 17:16:15,803 [INFO] CodeEngine:255 - oldGeneratedFile, C:\Users\hj.abijuru\Documents\formations_udemy\freertos\RTOS_workspace\FreeRTOS_Project\Core\Src\main.c_save
2026-01-16 17:16:15,892 [INFO] CodeEngine:279 - Generated code: C:\Users\hj.abijuru\Documents\formations_udemy\freertos\RTOS_workspace\FreeRTOS_Project\Core\Src\main.c
2026-01-16 17:16:16,660 [INFO] ProjectBuilder:2996 - Time for Copy HAL[1] : 333mS.
2026-01-16 17:16:16,660 [INFO] ProjectBuilder:4304 - Project Generator version: 3.19.2
2026-01-16 17:16:16,925 [INFO] ConfigFileManager:1483 - The Die is : DIE421
2026-01-16 17:16:18,713 [INFO] ProjectBuilder:4505 - Time for Generating toolchain IDE Files: 2053mS.
2026-01-16 17:16:18,714 [INFO] ProjectBuilder:2867 - Time for Copy CMSIS : 1mS.
2026-01-16 17:16:18,722 [INFO] ProjectBuilder:2867 - Time for Copy CMSIS : 0mS.
2026-01-16 18:58:39,619 [INFO] MainUpdater:2854 - connection check result : 10
2026-01-16 18:58:39,849 [INFO] ApiDb:668 - CubeFinder database Data Model version=2.1
2026-01-16 18:58:39,849 [INFO] ApiDb:669 - CubeFinder database Configuration version=3.0.39
2026-01-16 18:58:39,851 [INFO] ApiDb:670 - CubeFinder database generation date=2025-12-22 (1766407740)
2026-01-16 18:58:39,851 [INFO] ApiDb:671 - CubeFinder database FW Pack versions=[FP-ATR-ASTRA1_V2.0.0, FP-SNS-FLIGHT1_V5.1.0, FP-SNS-MOTENV1_V5.1.0, FP-SNS-MOTENVWB1_V1.4.0, FP-SNS-SMARTAG2_V1.2.0, FP-SNS-STBOX1_V2.1.0, STM32Cube_FW_C0_V1.4.0, STM32Cube_FW_F4_V1.28.3, STM32Cube_FW_F7_V1.17.4, STM32Cube_FW_G0_V1.6.2, STM32Cube_FW_G4_V1.6.1, STM32Cube_FW_H5_V1.5.1, STM32Cube_FW_H7RS_V1.3.0, STM32Cube_FW_H7_V1.12.1, STM32Cube_FW_L0_V1.12.2, STM32Cube_FW_L4_V1.18.1, STM32Cube_FW_L5_V1.6.0, STM32Cube_FW_N6_V1.3.0, STM32Cube_FW_U0_V1.3.0, STM32Cube_FW_U3_V1.2.1, STM32Cube_FW_U5_V1.8.0, STM32Cube_FW_WB0_V1.4.0, STM32Cube_FW_WBA_V1.8.0, STM32Cube_FW_WB_V1.24.0, STM32Cube_FW_WL3_V1.3.0, STM32Cube_FW_WL_V1.4.0, X-CUBE-ALGOBUILD_V1.4.0, X-CUBE-ALS_V1.0.2, X-CUBE-AZRTOS-F4_V1.1.0, X-CUBE-AZRTOS-F7_V1.1.0, X-CUBE-AZRTOS-G0_V1.1.0, X-CUBE-AZRTOS-G4_V2.0.0, X-CUBE-AZRTOS-H7RS_V1.1.0, X-CUBE-AZRTOS-H7_V3.4.0, X-CUBE-AZRTOS-L4_V2.0.0, X-CUBE-AZRTOS-L5_V2.0.0, X-CUBE-AZRTOS-WB_V2.0.0, X-CUBE-AZRTOS-WL_V2.0.0, X-CUBE-BLE1_V7.1.0, X-CUBE-BLE2_V3.3.0, X-CUBE-BLEMGR_V4.1.0, X-CUBE-EEPRMA1_V5.2.0, X-CUBE-FREERTOS_V1.3.1, X-CUBE-GNSS1_V6.0.0, X-CUBE-MEMS1_V12.0.0, X-CUBE-NFC4_V3.0.0, X-CUBE-NFC7_V2.0.0, X-CUBE-SFXS2LP1_V4.0.0, X-CUBE-ST67W61_V1.1.0, X-CUBE-SUBG2_V5.0.0, X-CUBE-TOF1_V3.4.3]
2026-01-16 18:58:40,014 [INFO] DbBoardsSqlite:226 - include board P-NUCLEO-WB55-NUCLEO as a kit item of type 'Nucleo-64'
2026-01-16 18:58:40,014 [INFO] DbBoardsSqlite:226 - include board P-NUCLEO-WB55-USBDONGLE as a kit item of type 'Nucleo USB Dongle'
2026-01-16 18:58:40,014 [INFO] DbBoardsSqlite:226 - include board STEVAL-IDP005V1 as a kit item of type 'Evaluation Board'
2026-01-16 18:58:40,014 [INFO] DbBoardsSqlite:226 - include board STEVAL-IDP005V2 as a kit item of type 'Evaluation Board'
2026-01-16 18:58:40,484 [INFO] ApiDb:240 - Found 297 in-development CPN: [B-G473E-ZEST1S, B-WB1M-WPAN1, B-WL5M-SUBG1, NUCLEO-C031C6, NUCLEO-H503RB, NUCLEO-H563ZI, NUCLEO-U545RE-Q, NUCLEO-U5A5ZJ-Q, NUCLEO-WBA52CG, STEVAL-PROTEUS1, STEVAL-STWINBX1, STM320518-EVAL, STM32C0116-DK, STM32C011D6Y3TR, STM32C011D6Y6TR, STM32C011F4P3, STM32C011F4P6, STM32C011F4U3, STM32C011F4U6TR, STM32C011F6P3, STM32C011F6P6, STM32C011F6U3, STM32C011F6U6TR, STM32C011J4M3, STM32C011J4M6, STM32C011J6M3, STM32C011J6M6, STM32C0316-DK, STM32C031C4T3, STM32C031C4T6, STM32C031C4U3, STM32C031C4U6, STM32C031C6T3, STM32C031C6T6, STM32C031C6U3, STM32C031C6U6, STM32C031F4P3, STM32C031F4P6, STM32C031F6P3, STM32C031F6P6, STM32C031G4U3, STM32C031G4U6, STM32C031G6U3, STM32C031G6U6, STM32C031K4T3, STM32C031K4T6, STM32C031K4U3, STM32C031K4U6, STM32C031K6T3, STM32C031K6T6, STM32C031K6U3, STM32C031K6U6, STM32G071K8TXN, STM32G071K8UXN, STM32G081GBU6N, STM32G081KBT6N, STM32G081KBUXN, STM32G0B1CCT6N, STM32G0B1KCT6, STM32G0B1NEY6TR, STM32G0B1RCT6N, STM32G0C1CCT6, STM32G0C1CCT6N, STM32G0C1CCU6N, STM32G0C1CET6N, STM32G0C1CEU6N, STM32G0C1KCT6, STM32G0C1NEY6TR, STM32G0C1RCI6N, STM32G0C1RCT6N, STM32G0C1REI6N, STM32G0C1RET6N, STM32G0C1VCI6, STM32G0C1VEI6, STM32G471CCT6, STM32G471CCU6, STM32G471CET3, STM32G471CET6, STM32G471CEU3, STM32G471CEU6, STM32G471MCT6, STM32G471MET3, STM32G471MET6, STM32G471MEY6TR, STM32G471QCT6, STM32G471QET3, STM32G471RCT6, STM32G471RET3, STM32G471RET6, STM32G471VCH6, STM32G471VCI6, STM32G471VCT6, STM32G471VEH3, STM32G471VEH6, STM32G471VEI3, STM32G471VEI6, STM32G471VET3, STM32G471VET6, STM32G474CCT6, STM32H503CBT6, STM32H503CBU6, STM32H503EBY6TR, STM32H503KBU6, STM32H503RBT6, STM32H562AGI6, STM32H562AII6, STM32H562IGK6, STM32H562IGT6, STM32H562IIK6, STM32H562IIT6, STM32H562RGT6, STM32H562RGV6, STM32H562RIT6, STM32H562RIV6, STM32H562VGT6, STM32H562VIT6, STM32H562ZGT6, STM32H562ZIT6, STM32H563AGI6, STM32H563AII3Q, STM32H563AII6, STM32H563IGK6, STM32H563IGT6, STM32H563IIK3Q, STM32H563IIK6, STM32H563IIT3Q, STM32H563IIT6, STM32H563MIY3QTR, STM32H563RGT6, STM32H563RGV6, STM32H563RIT6, STM32H563RIV6, STM32H563VGT6, STM32H563VIT3Q, STM32H563VIT6, STM32H563ZGT6, STM32H563ZIT3Q, STM32H563ZIT6, STM32H573AII3Q, STM32H573AII6, STM32H573I-DK, STM32H573IIK3Q, STM32H573IIK6, STM32H573IIT3Q, STM32H573IIT6, STM32H573MIY3QTR, STM32H573RIT6, STM32H573RIV6, STM32H573VIT3Q, STM32H573VIT6, STM32H573ZIT3Q, STM32H573ZIT6, STM32L4R5QGI6STR, STM32MP131AAE3, STM32MP131AAF3, STM32MP131AAG3, STM32MP131CAE3, STM32MP131CAF3, STM32MP131CAG3, STM32MP131DAE7, STM32MP131DAF7, STM32MP131DAG7, STM32MP131FAE7, STM32MP131FAF7, STM32MP131FAG7, STM32MP133AAE3, STM32MP133AAF3, STM32MP133AAG3, STM32MP133CAE3, STM32MP133CAF3, STM32MP133CAG3, STM32MP133DAE7, STM32MP133DAF7, STM32MP133DAG7, STM32MP133FAE7, STM32MP133FAF7, STM32MP133FAG7, STM32MP135AAE3, STM32MP135AAF3, STM32MP135AAG3, STM32MP135CAE3, STM32MP135CAF3, STM32MP135CAG3, STM32MP135DAE7, STM32MP135DAF7, STM32MP135DAG7, STM32MP135F-DK, STM32MP135FAE7, STM32MP135FAF7, STM32MP135FAF7T, STM32MP135FAF7U, STM32MP135FAG7, STM32U535CBT6, STM32U535CBT6Q, STM32U535CBU6, STM32U535CBU6Q, STM32U535CCT6, STM32U535CCT6Q, STM32U535CCU6, STM32U535CCU6Q, STM32U535CET6, STM32U535CET6Q, STM32U535CEU6, STM32U535CEU6Q, STM32U535JEY6QTR, STM32U535NCY6QTR, STM32U535NEY6QTR, STM32U535RBI6, STM32U535RBI6Q, STM32U535RBT6, STM32U535RBT6Q, STM32U535RCI6, STM32U535RCI6Q, STM32U535RCT6, STM32U535RCT6Q, STM32U535REI6, STM32U535REI6Q, STM32U535RET6, STM32U535RET6Q, STM32U535VCI6, STM32U535VCI6Q, STM32U535VCT6, STM32U535VCT6Q, STM32U535VEI6, STM32U535VEI6Q, STM32U535VET6, STM32U535VET6Q, STM32U545CET6, STM32U545CET6Q, STM32U545CEU6, STM32U545CEU6Q, STM32U545JEY6QTR, STM32U545NEY6QTR, STM32U545REI6, STM32U545REI6Q, STM32U545RET6, STM32U545RET6Q, STM32U545VEI6, STM32U545VEI6Q, STM32U545VET6, STM32U545VET6Q, STM32U595AIH6, STM32U595AIH6Q, STM32U595AJH6, STM32U595AJH6Q, STM32U595QII6, STM32U595QII6Q, STM32U595QJI6, STM32U595QJI6Q, STM32U595RIT6, STM32U595RIT6Q, STM32U595RJT6, STM32U595RJT6Q, STM32U595VIT6, STM32U595VIT6Q, STM32U595VJT6, STM32U595VJT6Q, STM32U595ZIT6, STM32U595ZIT6Q, STM32U595ZIY6QTR, STM32U595ZJT6, STM32U595ZJT6Q, STM32U595ZJY6QTR, STM32U599BJY6QTR, STM32U599NIH6Q, STM32U599NJH6Q, STM32U599VIT6Q, STM32U599VJT6, STM32U599VJT6Q, STM32U599ZIT6Q, STM32U599ZIY6QTR, STM32U599ZJT6Q, STM32U599ZJY6QTR, STM32U5A5AJH6, STM32U5A5AJH6Q, STM32U5A5QJI6, STM32U5A5QJI6Q, STM32U5A5RJT6, STM32U5A5RJT6Q, STM32U5A5VJT6, STM32U5A5VJT6Q, STM32U5A5ZJT6, STM32U5A5ZJT6Q, STM32U5A5ZJY6QTR, STM32U5A9BJY6QTR, STM32U5A9J-DK, STM32U5A9NJH6Q, STM32U5A9VJT6Q, STM32U5A9ZJT6Q, STM32U5A9ZJY6QTR, STM32WB1MMCH6, STM32WBA52CEU6, STM32WBA52CEU6T, STM32WBA52CGU6, STM32WBA52CGU6T, STM32WL5MOCH6, STM32WL5MOCH6TR]
2026-01-16 18:58:40,506 [INFO] BoardInfo:880 - No configuration file found for board B-WBA5M-WPAN
2026-01-16 18:58:40,508 [INFO] DbBoards:157 - Board is not supported: B-WBA5M-WPAN
2026-01-16 18:58:40,508 [INFO] BoardInfo:880 - No configuration file found for board NUCLEO-C051C8
2026-01-16 18:58:40,508 [INFO] DbBoards:157 - Board is not supported: NUCLEO-C051C8
2026-01-16 18:58:40,508 [INFO] BoardInfo:880 - No configuration file found for board NUCLEO-C071RB
2026-01-16 18:58:40,508 [INFO] DbBoards:157 - Board is not supported: NUCLEO-C071RB
2026-01-16 18:58:40,516 [INFO] BoardInfo:880 - No configuration file found for board NUCLEO-C092RC
2026-01-16 18:58:40,516 [INFO] DbBoards:157 - Board is not supported: NUCLEO-C092RC
2026-01-16 18:58:40,548 [INFO] BoardInfo:880 - No configuration file found for board NUCLEO-H533RE
2026-01-16 18:58:40,548 [INFO] DbBoards:157 - Board is not supported: NUCLEO-H533RE
2026-01-16 18:58:40,565 [INFO] BoardInfo:880 - No configuration file found for board NUCLEO-H7S3L8
2026-01-16 18:58:40,565 [INFO] DbBoards:157 - Board is not supported: NUCLEO-H7S3L8
2026-01-16 18:58:40,580 [INFO] BoardInfo:880 - No configuration file found for board NUCLEO-N657X0-Q
2026-01-16 18:58:40,580 [INFO] DbBoards:157 - Board is not supported: NUCLEO-N657X0-Q
2026-01-16 18:58:40,580 [INFO] BoardInfo:880 - No configuration file found for board NUCLEO-U031R8
2026-01-16 18:58:40,580 [INFO] DbBoards:157 - Board is not supported: NUCLEO-U031R8
2026-01-16 18:58:40,580 [INFO] BoardInfo:880 - No configuration file found for board NUCLEO-U083RC
2026-01-16 18:58:40,580 [INFO] DbBoards:157 - Board is not supported: NUCLEO-U083RC
2026-01-16 18:58:40,580 [INFO] BoardInfo:880 - No configuration file found for board NUCLEO-U385RG-Q
2026-01-16 18:58:40,580 [INFO] DbBoards:157 - Board is not supported: NUCLEO-U385RG-Q
2026-01-16 18:58:40,596 [INFO] BoardInfo:880 - No configuration file found for board NUCLEO-WB05KZ
2026-01-16 18:58:40,596 [INFO] DbBoards:157 - Board is not supported: NUCLEO-WB05KZ
2026-01-16 18:58:40,596 [INFO] BoardInfo:880 - No configuration file found for board NUCLEO-WB07CC
2026-01-16 18:58:40,596 [INFO] DbBoards:157 - Board is not supported: NUCLEO-WB07CC
2026-01-16 18:58:40,596 [INFO] BoardInfo:880 - No configuration file found for board NUCLEO-WB09KE
2026-01-16 18:58:40,596 [INFO] DbBoards:157 - Board is not supported: NUCLEO-WB09KE
2026-01-16 18:58:40,596 [INFO] BoardInfo:880 - No configuration file found for board NUCLEO-WBA55CG
2026-01-16 18:58:40,596 [INFO] DbBoards:157 - Board is not supported: NUCLEO-WBA55CG
2026-01-16 18:58:40,596 [INFO] BoardInfo:880 - No configuration file found for board NUCLEO-WBA65RI
2026-01-16 18:58:40,596 [INFO] DbBoards:157 - Board is not supported: NUCLEO-WBA65RI
2026-01-16 18:58:40,596 [INFO] BoardInfo:880 - No configuration file found for board NUCLEO-WL33CC1
2026-01-16 18:58:40,596 [INFO] DbBoards:157 - Board is not supported: NUCLEO-WL33CC1
2026-01-16 18:58:40,596 [INFO] BoardInfo:880 - No configuration file found for board NUCLEO-WL33CC2
2026-01-16 18:58:40,596 [INFO] DbBoards:157 - Board is not supported: NUCLEO-WL33CC2
2026-01-16 18:58:40,612 [INFO] BoardInfo:880 - No configuration file found for board P-NUCLEO-WB55
2026-01-16 18:58:40,612 [INFO] DbBoards:157 - Kit is not supported: P-NUCLEO-WB55
2026-01-16 18:58:40,612 [INFO] BoardInfo:880 - No configuration file found for board STEVAL-BFA001V1B
2026-01-16 18:58:40,612 [INFO] DbBoards:157 - Kit is not supported: STEVAL-BFA001V1B
2026-01-16 18:58:40,612 [INFO] BoardInfo:880 - No configuration file found for board STEVAL-BFA001V2B
2026-01-16 18:58:40,612 [INFO] DbBoards:157 - Kit is not supported: STEVAL-BFA001V2B
2026-01-16 18:58:40,612 [INFO] BoardInfo:880 - No configuration file found for board STEVAL-MKBOXPRO
2026-01-16 18:58:40,612 [INFO] DbBoards:157 - Board is not supported: STEVAL-MKBOXPRO
2026-01-16 18:58:40,612 [INFO] BoardInfo:880 - No configuration file found for board STEVAL-SMARTAG2
2026-01-16 18:58:40,612 [INFO] DbBoards:157 - Board is not supported: STEVAL-SMARTAG2
2026-01-16 18:58:40,692 [INFO] BoardInfo:880 - No configuration file found for board STM32H7S78-DK
2026-01-16 18:58:40,692 [INFO] DbBoards:157 - Board is not supported: STM32H7S78-DK
2026-01-16 18:58:40,708 [INFO] BoardInfo:880 - No configuration file found for board STM32MP257F-DK
2026-01-16 18:58:40,708 [INFO] DbBoards:157 - Board is not supported: STM32MP257F-DK
2026-01-16 18:58:40,708 [INFO] BoardInfo:880 - No configuration file found for board STM32MP257F-EV1
2026-01-16 18:58:40,708 [INFO] DbBoards:157 - Board is not supported: STM32MP257F-EV1
2026-01-16 18:58:40,708 [INFO] BoardInfo:880 - No configuration file found for board STM32N6570-DK
2026-01-16 18:58:40,708 [INFO] DbBoards:157 - Board is not supported: STM32N6570-DK
2026-01-16 18:58:40,724 [INFO] BoardInfo:880 - No configuration file found for board STM32U083C-DK
2026-01-16 18:58:40,724 [INFO] DbBoards:157 - Board is not supported: STM32U083C-DK
2026-01-16 18:58:40,724 [INFO] BoardInfo:880 - No configuration file found for board STM32U5G9J-DK1
2026-01-16 18:58:40,724 [INFO] DbBoards:157 - Board is not supported: STM32U5G9J-DK1
2026-01-16 18:58:40,724 [INFO] BoardInfo:880 - No configuration file found for board STM32U5G9J-DK2
2026-01-16 18:58:40,724 [INFO] DbBoards:157 - Board is not supported: STM32U5G9J-DK2
2026-01-16 18:58:40,724 [INFO] BoardInfo:880 - No configuration file found for board STM32WBA55G-DK1
2026-01-16 18:58:40,724 [INFO] DbBoards:157 - Board is not supported: STM32WBA55G-DK1
2026-01-16 18:58:40,724 [INFO] BoardInfo:880 - No configuration file found for board STM32WBA65I-DK1
2026-01-16 18:58:40,724 [INFO] DbBoards:157 - Board is not supported: STM32WBA65I-DK1
2026-01-16 18:58:40,724 [INFO] DbBoards:161 - Found 211 boards, 180 are supported
2026-01-16 18:58:40,724 [INFO] ApiDb:423 - Load user favorites file C:\Users\hj.abijuru/.stm32cubeide/favorites.boards.txt: 0 item(s)
2026-01-16 18:58:40,724 [INFO] ApiDb:427 - User favorites Boards=[]
2026-01-16 18:58:40,724 [INFO] DbBoards:190 - Set 0 / 0 favorites Boards
2026-01-16 18:58:40,724 [INFO] McuFinderGlobals:66 - Set McuFinderConnectedMode to true
2026-01-16 18:58:40,739 [INFO] MultiScanPanel:200 - Auto-refresh data requested => check proxy status ongoing
2026-01-16 18:58:40,739 [INFO] FinderPluginLoader:95 - Searching for filters in installed packs
2026-01-16 18:58:41,884 [INFO] LoadUrlFilesThread:185 - End of LoadServerUrlFiles without Thread
2026-01-16 18:58:42,066 [INFO] DetailPanel:341 - Set advertising image to C:/Users/hj.abijuru/STM32Cube/Repository/\en.prom-stm32mp21-0126.png
2026-01-16 18:59:06,371 [INFO] MainUpdater:2854 - connection check result : 10
2026-01-16 18:59:06,371 [INFO] MainUpdater:2854 - connection check result : 10
2026-01-16 18:59:06,456 [INFO] MicroXplorer:468 - Change Database Path : 
2026-01-16 18:59:06,456 [INFO] MicroXplorer:498 - Change Database Version : DB.6.0.81
2026-01-16 18:59:06,475 [WARN] ThirdParty:871 - waiting for thirdparty lock release [close project]
2026-01-16 18:59:06,475 [INFO] ThirdParty:873 - entering critical section [close project]
2026-01-16 18:59:06,475 [INFO] ThirdParty:883 - exiting critical section [close project]
2026-01-16 18:59:06,477 [INFO] PinOutPanel:1499 - setPackage(No Configuration,No Configuration)
2026-01-16 18:59:06,492 [WARN] IpParametersView:150 - Warning: This peripheral hasn't parameters
2026-01-16 18:59:06,518 [WARN] MainPanel:257 - <html><b><center>Warning: This peripheral has no parameters to be configured<br></b></html>
2026-01-16 18:59:06,525 [INFO] UtilMem:75 - Begin LoadConfig() Used Memory: 798060784 Bytes (1073741824)
2026-01-16 18:59:06,527 [INFO] MicroXplorer:468 - Change Database Path : 
2026-01-16 18:59:06,527 [INFO] MicroXplorer:498 - Change Database Version : DB.6.0.81
2026-01-16 18:59:06,527 [INFO] OpenFileManager:308 - Change cursor
2026-01-16 18:59:06,570 [INFO] RulesReader:64 - Compatibility file has been processed (293 Rules)
2026-01-16 18:59:06,575 [INFO] Mcu:1937 - Initializing MCU STM32F446R(C-E)Tx STM32F446RETx STM32F446RET6
2026-01-16 18:59:07,955 [INFO] Context:659 - Trying to add GPIOservice into a context  which must be forbidden
2026-01-16 18:59:08,527 [INFO] RtosManager:555 - Registered RTOS mode: class=CMSIS, group=RTOS, mode=CMSIS_V1, owner=FREERTOS
2026-01-16 18:59:08,532 [INFO] RtosManager:555 - Registered RTOS mode: class=CMSIS, group=RTOS2, mode=CMSIS_V2, owner=FREERTOS
2026-01-16 18:59:08,532 [INFO] RtosManager:555 - Registered RTOS mode: class=RTOS, group=Core, mode=CMSIS_V1, owner=FREERTOS
2026-01-16 18:59:08,532 [INFO] RtosManager:555 - Registered RTOS mode: class=RTOS, group=Core, mode=CMSIS_V2, owner=FREERTOS
2026-01-16 18:59:08,532 [WARN] ModelIntegratedComponent:184 - Missing modes for component STMicroelectronics:FreeRTOS:0.0.1:STMicroelectronics:RTOS:FreeRTOS:Core:::10.2.0:
2026-01-16 18:59:08,542 [WARN] ModelIntegratedComponent:63 - No mode defined for component null
2026-01-16 18:59:08,542 [WARN] ModelIntegratedComponent:63 - No mode defined for component null
2026-01-16 18:59:08,542 [WARN] ModelIntegratedComponent:63 - No mode defined for component null
2026-01-16 18:59:08,542 [WARN] ModelIntegratedComponent:63 - No mode defined for component null
2026-01-16 18:59:08,542 [WARN] ModelIntegratedComponent:63 - No mode defined for component null
2026-01-16 18:59:08,542 [WARN] ModelIntegratedComponent:63 - No mode defined for component null
2026-01-16 18:59:08,542 [WARN] ModelIntegratedComponent:63 - No mode defined for component null
2026-01-16 18:59:08,542 [WARN] ModelIntegratedComponent:63 - No mode defined for component null
2026-01-16 18:59:08,542 [WARN] ModelIntegratedComponent:63 - No mode defined for component null
2026-01-16 18:59:08,542 [WARN] ModelIntegratedComponent:63 - No mode defined for component null
2026-01-16 18:59:08,542 [WARN] ModelIntegratedComponent:63 - No mode defined for component null
2026-01-16 18:59:08,542 [WARN] ModelIntegratedComponent:63 - No mode defined for component null
2026-01-16 18:59:08,542 [WARN] ModelIntegratedComponent:63 - No mode defined for component null
2026-01-16 18:59:08,542 [WARN] ModelIntegratedComponent:63 - No mode defined for component null
2026-01-16 18:59:08,542 [WARN] ModelIntegratedComponent:63 - No mode defined for component null
2026-01-16 18:59:08,542 [WARN] ModelIntegratedComponent:63 - No mode defined for component null
2026-01-16 18:59:08,542 [WARN] ModelIntegratedComponent:63 - No mode defined for component null
2026-01-16 18:59:08,542 [WARN] ModelIntegratedComponent:63 - No mode defined for component null
2026-01-16 18:59:08,542 [WARN] ModelIntegratedComponent:63 - No mode defined for component null
2026-01-16 18:59:08,542 [WARN] ModelIntegratedComponent:63 - No mode defined for component null
2026-01-16 18:59:08,542 [WARN] ModelIntegratedComponent:63 - No mode defined for component null
2026-01-16 18:59:08,542 [WARN] ModelIntegratedComponent:63 - No mode defined for component null
2026-01-16 18:59:08,542 [WARN] ModelIntegratedComponent:63 - No mode defined for component null
2026-01-16 18:59:08,542 [WARN] ModelIntegratedComponent:63 - No mode defined for component null
2026-01-16 18:59:08,542 [WARN] ModelIntegratedComponent:63 - No mode defined for component null
2026-01-16 18:59:08,542 [WARN] ModelIntegratedComponent:63 - No mode defined for component null
2026-01-16 18:59:08,542 [WARN] ModelIntegratedComponent:63 - No mode defined for component null
2026-01-16 18:59:08,542 [WARN] ModelIntegratedComponent:63 - No mode defined for component null
2026-01-16 18:59:08,542 [WARN] ModelIntegratedComponent:63 - No mode defined for component null
2026-01-16 18:59:08,542 [WARN] ModelIntegratedComponent:63 - No mode defined for component null
2026-01-16 18:59:08,542 [WARN] ModelIntegratedComponent:63 - No mode defined for component null
2026-01-16 18:59:08,542 [WARN] ModelIntegratedComponent:63 - No mode defined for component null
2026-01-16 18:59:08,542 [WARN] ModelIntegratedComponent:63 - No mode defined for component null
2026-01-16 18:59:08,557 [INFO] ThirdPartyModel:298 - Start build external matchings
2026-01-16 18:59:08,705 [INFO] ThirdPartyModel:316 - End build external matchings
2026-01-16 18:59:09,033 [INFO] UtilMem:75 - End LoadConfig() Used Memory: 819940008 Bytes (1073741824)
2026-01-16 18:59:09,052 [WARN] ThirdParty:833 - waiting for thirdparty lock release [change project]
2026-01-16 18:59:09,052 [INFO] ThirdParty:835 - entering critical section [change project]
2026-01-16 18:59:09,052 [INFO] ThirdParty:1030 - CMSIS Pack Vendor :STMicroelectronics X-CUBE-PM33A1 1.0.0
2026-01-16 18:59:09,052 [INFO] ThirdParty:1030 - CMSIS Pack Vendor :STMicroelectronics X-CUBE-NFC9 1.0.0
2026-01-16 18:59:09,052 [INFO] ThirdParty:1030 - CMSIS Pack Vendor :STMicroelectronics USB_HOST 2.0.0
2026-01-16 18:59:09,059 [INFO] ThirdParty:1030 - CMSIS Pack Vendor :STMicroelectronics FP-SNS-MOTENVWB1 1.4.0
2026-01-16 18:59:09,059 [INFO] ThirdParty:1030 - CMSIS Pack Vendor :STMicroelectronics X-CUBE-AZRTOS-F4 1.1.0
2026-01-16 18:59:09,059 [INFO] ThirdParty:1030 - CMSIS Pack Vendor :STMicroelectronics LIBJPEG 8.0.0
2026-01-16 18:59:09,059 [INFO] ThirdParty:1030 - CMSIS Pack Vendor :STMicroelectronics FP-ATR-ASTRA1 2.0.2
2026-01-16 18:59:09,059 [INFO] ThirdParty:1030 - CMSIS Pack Vendor :STMicroelectronics X-CUBE-BLE1 7.1.0
2026-01-16 18:59:09,059 [INFO] ThirdParty:1030 - CMSIS Pack Vendor :STMicroelectronics X-CUBE-SMBUS 2.1.0
2026-01-16 18:59:09,059 [INFO] ThirdParty:1030 - CMSIS Pack Vendor :wolfSSL I-CUBE-wolfMQTT 1.19.2
2026-01-16 18:59:09,059 [INFO] ThirdParty:1030 - CMSIS Pack Vendor :STMicroelectronics USB_DEVICE 3.0.0
2026-01-16 18:59:09,059 [INFO] ThirdParty:1030 - CMSIS Pack Vendor :STMicroelectronics X-CUBE-ISPU 2.1.0
2026-01-16 18:59:09,059 [INFO] ThirdParty:1030 - CMSIS Pack Vendor :STMicroelectronics X-CUBE-EEPRMA1 5.2.0
2026-01-16 18:59:09,059 [INFO] ThirdParty:1030 - CMSIS Pack Vendor :STMicroelectronics X-CUBE-AZRTOS-WB 2.0.0
2026-01-16 18:59:09,059 [INFO] ThirdParty:1030 - CMSIS Pack Vendor :wolfSSL I-CUBE-wolfSSL 5.8.4
2026-01-16 18:59:09,059 [INFO] ThirdParty:1030 - CMSIS Pack Vendor :STMicroelectronics X-CUBE-NFC12 1.0.0
2026-01-16 18:59:09,059 [INFO] ThirdParty:1030 - CMSIS Pack Vendor :STMicroelectronics X-CUBE-AZRTOS-F7 1.1.0
2026-01-16 18:59:09,059 [INFO] ThirdParty:1030 - CMSIS Pack Vendor :STMicroelectronics X-CUBE-AZRTOS-L5 2.0.0
2026-01-16 18:59:09,059 [INFO] ThirdParty:1030 - CMSIS Pack Vendor :STMicroelectronics USB_DEVICE 2.0.0
2026-01-16 18:59:09,059 [INFO] ThirdParty:1030 - CMSIS Pack Vendor :STMicroelectronics X-CUBE-NFC6 3.1.0
2026-01-16 18:59:09,059 [INFO] ThirdParty:1030 - CMSIS Pack Vendor :STMicroelectronics X-CUBE-MEMS1 12.0.0
2026-01-16 18:59:09,059 [INFO] ThirdParty:1030 - CMSIS Pack Vendor :STMicroelectronics FreeRTOS 0.0.1
2026-01-16 18:59:09,059 [INFO] ThirdParty:1030 - CMSIS Pack Vendor :STMicroelectronics X-CUBE-AZRTOS-G0 1.1.0
2026-01-16 18:59:09,059 [INFO] ThirdParty:1030 - CMSIS Pack Vendor :STMicroelectronics X-CUBE-NFC4 3.0.0
2026-01-16 18:59:09,059 [INFO] ThirdParty:1030 - CMSIS Pack Vendor :STMicroelectronics X-CUBE-SUBG2 5.0.0
2026-01-16 18:59:09,059 [INFO] ThirdParty:1030 - CMSIS Pack Vendor :STMicroelectronics STM32_WPAN 1.0.0
2026-01-16 18:59:09,059 [INFO] ThirdParty:1030 - CMSIS Pack Vendor :STMicroelectronics lwIP 2.0.3
2026-01-16 18:59:09,059 [INFO] ThirdParty:1030 - CMSIS Pack Vendor :STMicroelectronics USB_HOST 1.0.0
2026-01-16 18:59:09,059 [INFO] ThirdParty:1030 - CMSIS Pack Vendor :STMicroelectronics X-CUBE-AZRTOS-G4 2.0.0
2026-01-16 18:59:09,059 [INFO] ThirdParty:1030 - CMSIS Pack Vendor :STMicroelectronics X-CUBE-WB05N 2.0.0
2026-01-16 18:59:09,059 [INFO] ThirdParty:1030 - CMSIS Pack Vendor :STMicroelectronics PDM2PCM 3.1.0
2026-01-16 18:59:09,059 [INFO] ThirdParty:1030 - CMSIS Pack Vendor :STMicroelectronics PDM2PCM 3.3.0
2026-01-16 18:59:09,059 [INFO] ThirdParty:1030 - CMSIS Pack Vendor :wolfSSL I-CUBE-wolfTPM 3.8.0
2026-01-16 18:59:09,059 [INFO] ThirdParty:1030 - CMSIS Pack Vendor :STMicroelectronics X-CUBE-AZRTOS-H7 3.4.0
2026-01-16 18:59:09,059 [INFO] ThirdParty:1030 - CMSIS Pack Vendor :STMicroelectronics X-CUBE-DISPLAY 3.0.0
2026-01-16 18:59:09,059 [INFO] ThirdParty:1030 - CMSIS Pack Vendor :wolfSSL I-CUBE-wolfSSH 1.4.20
2026-01-16 18:59:09,059 [INFO] ThirdParty:1030 - CMSIS Pack Vendor :STMicroelectronics X-CUBE-NFC7 2.0.0
2026-01-16 18:59:09,059 [INFO] ThirdParty:1030 - CMSIS Pack Vendor :STMicroelectronics FP-ATR-SIGFOX1 3.2.0
2026-01-16 18:59:09,059 [INFO] ThirdParty:1030 - CMSIS Pack Vendor :STMicroelectronics X-CUBE-NFC10 1.0.0
2026-01-16 18:59:09,059 [INFO] ThirdParty:1030 - CMSIS Pack Vendor :STMicroelectronics HAL Drivers 0.0.0
2026-01-16 18:59:09,059 [INFO] ThirdParty:1030 - CMSIS Pack Vendor :STMicroelectronics MBEDTLS 2.16.2
2026-01-16 18:59:09,059 [INFO] ThirdParty:1030 - CMSIS Pack Vendor :STMicroelectronics X-CUBE-ALS 1.0.2
2026-01-16 18:59:09,059 [INFO] ThirdParty:1030 - CMSIS Pack Vendor :emotas I-CUBE-CANOPEN 1.3.0
2026-01-16 18:59:09,059 [INFO] ThirdParty:1030 - CMSIS Pack Vendor :STMicroelectronics MBEDTLS 2.14.1
2026-01-16 18:59:09,059 [INFO] ThirdParty:1030 - CMSIS Pack Vendor :STMicroelectronics X-CUBE-GNSS1 7.1.0
2026-01-16 18:59:09,059 [INFO] ThirdParty:1030 - CMSIS Pack Vendor :ITTIA_DB I-CUBE-ITTIADB 8.9.0
2026-01-16 18:59:09,059 [INFO] ThirdParty:1030 - CMSIS Pack Vendor :STMicroelectronics X-CUBE-TOUCHGFX 4.26.0
2026-01-16 18:59:09,059 [INFO] ThirdParty:1030 - CMSIS Pack Vendor :STMicroelectronics X-CUBE-STSE01 1.0.0
2026-01-16 18:59:09,059 [INFO] ThirdParty:1030 - CMSIS Pack Vendor :STMicroelectronics X-CUBE-AI 10.2.0
2026-01-16 18:59:09,059 [INFO] ThirdParty:1030 - CMSIS Pack Vendor :STMicroelectronics ThreadX 1.0.0
2026-01-16 18:59:09,059 [INFO] ThirdParty:1030 - CMSIS Pack Vendor :STMicroelectronics FP-SNS-SMARTAG2 1.2.0
2026-01-16 18:59:09,059 [INFO] ThirdParty:1030 - CMSIS Pack Vendor :STMicroelectronics X-CUBE-AZRTOS-WL 2.0.0
2026-01-16 18:59:09,059 [INFO] ThirdParty:1030 - CMSIS Pack Vendor :SEGGER I-CUBE-embOS 1.3.1
2026-01-16 18:59:09,059 [INFO] ThirdParty:1030 - CMSIS Pack Vendor :STMicroelectronics X-CUBE-ALGOBUILD 1.4.0
2026-01-16 18:59:09,059 [INFO] ThirdParty:1030 - CMSIS Pack Vendor :STMicroelectronics USB_DEVICE 1.0.0
2026-01-16 18:59:09,059 [INFO] ThirdParty:1030 - CMSIS Pack Vendor :STMicroelectronics X-CUBE-AZRTOS-H7RS 1.2.0
2026-01-16 18:59:09,059 [INFO] ThirdParty:1030 - CMSIS Pack Vendor :STMicroelectronics X-CUBE-AZRTOS-L4 2.0.0
2026-01-16 18:59:09,059 [INFO] ThirdParty:1030 - CMSIS Pack Vendor :STMicroelectronics ThreadX 0.0.2
2026-01-16 18:59:09,059 [INFO] ThirdParty:1030 - CMSIS Pack Vendor :STMicroelectronics lwIP 2.1.2
2026-01-16 18:59:09,059 [INFO] ThirdParty:1030 - CMSIS Pack Vendor :STMicroelectronics X-CUBE-SFXS2LP1 4.0.0
2026-01-16 18:59:09,059 [INFO] ThirdParty:1030 - CMSIS Pack Vendor :STMicroelectronics X-CUBE-BLE2 3.3.0
2026-01-16 18:59:09,059 [INFO] ThirdParty:1030 - CMSIS Pack Vendor :STMicroelectronics PDM2PCM 3.2.0
2026-01-16 18:59:09,059 [INFO] ThirdParty:841 - exiting critical section [change project]
2026-01-16 18:59:09,311 [INFO] PinOutPanel:1499 - setPackage(No Configuration,No Configuration)
2026-01-16 18:59:09,311 [INFO] PinOutPanel:1499 - setPackage(STM32F446RETx,LQFP64)
2026-01-16 18:59:09,649 [INFO] UtilMem:75 - Before build in PCC Used Memory: 851096536 Bytes (1073741824)
2026-01-16 18:59:09,874 [INFO] UtilMem:75 - After build in PCC Used Memory: 900905944 Bytes (1073741824)
2026-01-16 18:59:09,890 [INFO] IPUIPlugin:80 - create IPUIPlugin
2026-01-16 18:59:09,890 [INFO] IPUIPlugin:80 - create IPUIPlugin
2026-01-16 18:59:09,890 [INFO] IPUIPlugin:80 - create IPUIPlugin
2026-01-16 18:59:09,890 [INFO] IPUIPlugin:80 - create IPUIPlugin
2026-01-16 18:59:09,890 [INFO] IPUIPlugin:80 - create IPUIPlugin
2026-01-16 18:59:09,890 [INFO] IPUIPlugin:80 - create IPUIPlugin
2026-01-16 18:59:09,890 [INFO] IPUIPlugin:80 - create IPUIPlugin
2026-01-16 18:59:09,890 [INFO] IPUIPlugin:80 - create IPUIPlugin
2026-01-16 18:59:09,890 [INFO] IPUIPlugin:80 - create IPUIPlugin
2026-01-16 18:59:09,890 [INFO] IPUIPlugin:80 - create IPUIPlugin
2026-01-16 18:59:09,890 [INFO] IPUIPlugin:80 - create IPUIPlugin
2026-01-16 18:59:09,890 [INFO] IPUIPlugin:80 - create IPUIPlugin
2026-01-16 18:59:09,890 [INFO] IPUIPlugin:80 - create IPUIPlugin
2026-01-16 18:59:09,890 [INFO] IPUIPlugin:80 - create IPUIPlugin
2026-01-16 18:59:09,890 [INFO] IPUIPlugin:80 - create IPUIPlugin
2026-01-16 18:59:09,890 [INFO] IPUIPlugin:80 - create IPUIPlugin
2026-01-16 18:59:09,890 [INFO] IPUIPlugin:80 - create IPUIPlugin
2026-01-16 18:59:09,890 [INFO] IPUIPlugin:80 - create IPUIPlugin
2026-01-16 18:59:09,890 [INFO] IPUIPlugin:80 - create IPUIPlugin
2026-01-16 18:59:09,890 [INFO] IPUIPlugin:80 - create IPUIPlugin
2026-01-16 18:59:09,890 [INFO] IPUIPlugin:80 - create IPUIPlugin
2026-01-16 18:59:09,890 [INFO] IPUIPlugin:80 - create IPUIPlugin
2026-01-16 18:59:09,890 [INFO] IPUIPlugin:80 - create IPUIPlugin
2026-01-16 18:59:09,890 [INFO] IPUIPlugin:80 - create IPUIPlugin
2026-01-16 18:59:09,890 [INFO] IPUIPlugin:80 - create IPUIPlugin
2026-01-16 18:59:09,890 [INFO] IPUIPlugin:80 - create IPUIPlugin
2026-01-16 18:59:09,890 [INFO] IPUIPlugin:80 - create IPUIPlugin
2026-01-16 18:59:09,890 [INFO] IPUIPlugin:80 - create IPUIPlugin
2026-01-16 18:59:09,890 [INFO] IPUIPlugin:80 - create IPUIPlugin
2026-01-16 18:59:09,890 [INFO] IPUIPlugin:80 - create IPUIPlugin
2026-01-16 18:59:09,890 [INFO] IPUIPlugin:80 - create IPUIPlugin
2026-01-16 18:59:09,890 [INFO] IPUIPlugin:80 - create IPUIPlugin
2026-01-16 18:59:09,890 [INFO] IPUIPlugin:80 - create IPUIPlugin
2026-01-16 18:59:09,890 [INFO] IPUIPlugin:80 - create IPUIPlugin
2026-01-16 18:59:09,890 [INFO] IPUIPlugin:80 - create IPUIPlugin
2026-01-16 18:59:09,890 [INFO] IPUIPlugin:80 - create IPUIPlugin
2026-01-16 18:59:09,890 [INFO] IPUIPlugin:80 - create IPUIPlugin
2026-01-16 18:59:09,890 [INFO] IPUIPlugin:80 - create IPUIPlugin
2026-01-16 18:59:09,890 [INFO] IPUIPlugin:80 - create IPUIPlugin
2026-01-16 18:59:09,890 [INFO] IPUIPlugin:80 - create IPUIPlugin
2026-01-16 18:59:09,890 [INFO] IPUIPlugin:80 - create IPUIPlugin
2026-01-16 18:59:09,890 [INFO] IPUIPlugin:80 - create IPUIPlugin
2026-01-16 18:59:09,890 [INFO] IPUIPlugin:80 - create IPUIPlugin
2026-01-16 18:59:09,890 [INFO] IPUIPlugin:80 - create IPUIPlugin
2026-01-16 18:59:09,890 [INFO] IPUIPlugin:80 - create IPUIPlugin
2026-01-16 18:59:09,890 [INFO] IPUIPlugin:80 - create IPUIPlugin
2026-01-16 18:59:09,890 [INFO] IPUIPlugin:80 - create IPUIPlugin
2026-01-16 18:59:09,890 [INFO] IPUIPlugin:80 - create IPUIPlugin
2026-01-16 18:59:09,890 [INFO] IPUIPlugin:80 - create IPUIPlugin
2026-01-16 18:59:09,890 [INFO] IPUIPlugin:80 - create IPUIPlugin
2026-01-16 18:59:09,890 [INFO] IPUIPlugin:80 - create IPUIPlugin
2026-01-16 18:59:09,890 [INFO] IPUIPlugin:80 - create IPUIPlugin
2026-01-16 18:59:09,906 [INFO] IPUIPlugin:80 - create IPUIPlugin
2026-01-16 18:59:09,906 [INFO] IPUIPlugin:80 - create IPUIPlugin
2026-01-16 18:59:09,906 [INFO] IPUIPlugin:80 - create IPUIPlugin
2026-01-16 18:59:09,906 [INFO] IPUIPlugin:80 - create IPUIPlugin
2026-01-16 18:59:09,931 [INFO] IPUIPlugin:80 - create IPUIPlugin
2026-01-16 18:59:09,931 [INFO] IPUIPlugin:80 - create IPUIPlugin
2026-01-16 18:59:09,931 [INFO] IPUIPlugin:80 - create IPUIPlugin
2026-01-16 18:59:09,931 [INFO] IPUIPlugin:80 - create IPUIPlugin
2026-01-16 18:59:09,938 [INFO] ApiDbMcu:507 - Load IP Config File for PDM2PCM
2026-01-16 18:59:09,954 [INFO] CADModel:165 - CPN selected for project levelSTM32F446RET6
2026-01-16 18:59:09,954 [INFO] CADModel:114 - Register for checkConnection events
2026-01-16 18:59:10,001 [INFO] OpenFileManager:328 - Restore cursor
2026-01-16 18:59:10,510 [INFO] UtilMem:75 - End SaveConfig() Used Memory: 821839880 Bytes (1073741824)
2026-01-16 18:59:10,609 [INFO] UtilMem:75 - End SaveConfig() Used Memory: 842737616 Bytes (1073741824)
2026-01-16 18:59:10,838 [INFO] BlockDiagram:2759 - set Specific Code input for plugin: SYS
2026-01-16 18:59:10,838 [INFO] BlockDiagram:2759 - set Specific Code input for plugin: RCC
2026-01-16 18:59:10,838 [INFO] BlockDiagram:2759 - set Specific Code input for plugin: NVIC
2026-01-16 18:59:10,838 [INFO] BlockDiagram:2759 - set Specific Code input for plugin: GPIO
2026-01-16 18:59:10,840 [INFO] CodeGenerator:793 - code generatio: config db path: C:\ST\STM32CubeIDE_1.12.1\STM32CubeIDE\plugins\com.st.stm32cube.common.mx_6.8.1.202304191431\\db\
2026-01-16 18:59:11,022 [INFO] CodeEngine:255 - oldGeneratedFile, C:\Users\hj.abijuru\Documents\formations_udemy\freertos\RTOS_workspace\FreeRTOS_Project\MXTmpFiles\license.tmp_save
2026-01-16 18:59:11,096 [INFO] CodeEngine:279 - Generated code: C:\Users\hj.abijuru\Documents\formations_udemy\freertos\RTOS_workspace\FreeRTOS_Project\MXTmpFiles\license.tmp
2026-01-16 18:59:11,232 [INFO] CodeEngine:255 - oldGeneratedFile, C:\Users\hj.abijuru\Documents\formations_udemy\freertos\RTOS_workspace\FreeRTOS_Project\MXTmpFiles\gpio.tmp_save
2026-01-16 18:59:11,318 [INFO] CodeEngine:279 - Generated code: C:\Users\hj.abijuru\Documents\formations_udemy\freertos\RTOS_workspace\FreeRTOS_Project\MXTmpFiles\gpio.tmp
2026-01-16 18:59:11,396 [INFO] CodeEngine:255 - oldGeneratedFile, C:\Users\hj.abijuru\Documents\formations_udemy\freertos\RTOS_workspace\FreeRTOS_Project\Core\Src\stm32f4xx_it.c_save
2026-01-16 18:59:11,652 [INFO] CodeEngine:279 - Generated code: C:\Users\hj.abijuru\Documents\formations_udemy\freertos\RTOS_workspace\FreeRTOS_Project\Core\Src\stm32f4xx_it.c
2026-01-16 18:59:11,661 [INFO] CodeEngine:255 - oldGeneratedFile, C:\Users\hj.abijuru\Documents\formations_udemy\freertos\RTOS_workspace\FreeRTOS_Project\Core\Inc\stm32f4xx_it.h_save
2026-01-16 18:59:11,746 [INFO] CodeEngine:279 - Generated code: C:\Users\hj.abijuru\Documents\formations_udemy\freertos\RTOS_workspace\FreeRTOS_Project\Core\Inc\stm32f4xx_it.h
2026-01-16 18:59:11,792 [INFO] CodeEngine:255 - oldGeneratedFile, C:\Users\hj.abijuru\Documents\formations_udemy\freertos\RTOS_workspace\FreeRTOS_Project\Core\Src\stm32f4xx_hal_msp.c_save
2026-01-16 18:59:11,871 [INFO] CodeEngine:279 - Generated code: C:\Users\hj.abijuru\Documents\formations_udemy\freertos\RTOS_workspace\FreeRTOS_Project\Core\Src\stm32f4xx_hal_msp.c
2026-01-16 18:59:11,886 [INFO] CodeEngine:255 - oldGeneratedFile, C:\Users\hj.abijuru\Documents\formations_udemy\freertos\RTOS_workspace\FreeRTOS_Project\MXTmpFiles\system.tmp_save
2026-01-16 18:59:11,943 [INFO] CodeEngine:279 - Generated code: C:\Users\hj.abijuru\Documents\formations_udemy\freertos\RTOS_workspace\FreeRTOS_Project\MXTmpFiles\system.tmp
2026-01-16 18:59:11,953 [INFO] CodeEngine:255 - oldGeneratedFile, C:\Users\hj.abijuru\Documents\formations_udemy\freertos\RTOS_workspace\FreeRTOS_Project\Core\Src\stm32f4xx_hal_timebase_tim.c_save
2026-01-16 18:59:12,046 [INFO] CodeEngine:279 - Generated code: C:\Users\hj.abijuru\Documents\formations_udemy\freertos\RTOS_workspace\FreeRTOS_Project\Core\Src\stm32f4xx_hal_timebase_tim.c
2026-01-16 18:59:12,061 [INFO] CodeEngine:311 - oldGeneratedFile, C:\Users\hj.abijuru\Documents\formations_udemy\freertos\RTOS_workspace\FreeRTOS_Project\Core\Inc\stm32f4xx_hal_conf.h_save
2026-01-16 18:59:12,141 [INFO] CodeEngine:335 - Generated code: C:\Users\hj.abijuru\Documents\formations_udemy\freertos\RTOS_workspace\FreeRTOS_Project\Core\Inc\stm32f4xx_hal_conf.h
2026-01-16 18:59:12,156 [WARN] IPConfigManager:2937 - Warning: the RefConfig PLL2P_FOR_MCO is not available in your config.xml file
2026-01-16 18:59:12,188 [INFO] CodeEngine:255 - oldGeneratedFile, C:\Users\hj.abijuru\Documents\formations_udemy\freertos\RTOS_workspace\FreeRTOS_Project\Core\Inc\main.h_save
2026-01-16 18:59:12,272 [INFO] CodeEngine:279 - Generated code: C:\Users\hj.abijuru\Documents\formations_udemy\freertos\RTOS_workspace\FreeRTOS_Project\Core\Inc\main.h
2026-01-16 18:59:12,283 [INFO] CodeEngine:255 - oldGeneratedFile, C:\Users\hj.abijuru\Documents\formations_udemy\freertos\RTOS_workspace\FreeRTOS_Project\Core\Src\main.c_save
2026-01-16 18:59:12,415 [INFO] CodeEngine:279 - Generated code: C:\Users\hj.abijuru\Documents\formations_udemy\freertos\RTOS_workspace\FreeRTOS_Project\Core\Src\main.c
2026-01-16 18:59:13,174 [INFO] ProjectBuilder:2996 - Time for Copy HAL[1] : 335mS.
2026-01-16 18:59:13,182 [INFO] ProjectBuilder:4304 - Project Generator version: 3.19.2
2026-01-16 18:59:13,476 [INFO] ConfigFileManager:1483 - The Die is : DIE421
2026-01-16 18:59:13,480 [INFO] ApiDbMcu:507 - Load IP Config File for FATFS
2026-01-16 18:59:13,484 [INFO] ApiDbMcu:507 - Load IP Config File for FREERTOS
2026-01-16 18:59:13,486 [INFO] ApiDbMcu:507 - Load IP Config File for LIBJPEG
2026-01-16 18:59:13,533 [INFO] ApiDbMcu:507 - Load IP Config File for MBEDTLS
2026-01-16 18:59:13,544 [INFO] ApiDbMcu:507 - Load IP Config File for USB_DEVICE
2026-01-16 18:59:13,548 [INFO] ApiDbMcu:507 - Load IP Config File for USB_HOST
2026-01-16 18:59:17,368 [INFO] ProjectBuilder:4505 - Time for Generating toolchain IDE Files: 4186mS.
2026-01-16 18:59:17,384 [INFO] ProjectBuilder:2867 - Time for Copy CMSIS : 14mS.
2026-01-16 18:59:17,390 [INFO] ProjectBuilder:2867 - Time for Copy CMSIS : 0mS.
2026-01-16 18:59:20,210 [ERROR] LogOutputStream:75 - [STDERR_REDIRECT] Exception in thread "AWT-EventQueue-0" java.lang.NullPointerException
2026-01-16 18:59:20,210 [ERROR] LogOutputStream:75 - [STDERR_REDIRECT] 	at com.st.stm32cube.common.mx.targetselector.TargetSelectorAdapter$7.run(TargetSelectorAdapter.java:353)
2026-01-16 18:59:20,210 [ERROR] LogOutputStream:75 - [STDERR_REDIRECT] 	at com.st.stm32cube.common.mx.oss.core.awtswtbridge.AwtEnvironment$2.run(AwtEnvironment.java:166)
2026-01-16 18:59:20,210 [ERROR] LogOutputStream:75 - [STDERR_REDIRECT] 	at java.desktop/java.awt.event.InvocationEvent.dispatch(InvocationEvent.java:313)
2026-01-16 18:59:20,210 [ERROR] LogOutputStream:75 - [STDERR_REDIRECT] 	at java.desktop/java.awt.EventQueue.dispatchEventImpl(EventQueue.java:770)
2026-01-16 18:59:20,210 [ERROR] LogOutputStream:75 - [STDERR_REDIRECT] 	at java.desktop/java.awt.EventQueue$4.run(EventQueue.java:721)
2026-01-16 18:59:20,210 [ERROR] LogOutputStream:75 - [STDERR_REDIRECT] 	at java.desktop/java.awt.EventQueue$4.run(EventQueue.java:715)
2026-01-16 18:59:20,210 [ERROR] LogOutputStream:75 - [STDERR_REDIRECT] 	at java.base/java.security.AccessController.doPrivileged(Native Method)
2026-01-16 18:59:20,226 [ERROR] LogOutputStream:75 - [STDERR_REDIRECT] 	at java.base/java.security.ProtectionDomain$JavaSecurityAccessImpl.doIntersectionPrivilege(ProtectionDomain.java:85)
2026-01-16 18:59:20,226 [ERROR] LogOutputStream:75 - [STDERR_REDIRECT] 	at java.desktop/java.awt.EventQueue.dispatchEvent(EventQueue.java:740)
2026-01-16 18:59:20,226 [ERROR] LogOutputStream:75 - [STDERR_REDIRECT] 	at java.desktop/java.awt.EventDispatchThread.pumpOneEventForFilters(EventDispatchThread.java:203)
2026-01-16 18:59:20,226 [ERROR] LogOutputStream:75 - [STDERR_REDIRECT] 	at java.desktop/java.awt.EventDispatchThread.pumpEventsForFilter(EventDispatchThread.java:124)
2026-01-16 18:59:20,226 [ERROR] LogOutputStream:75 - [STDERR_REDIRECT] 	at java.desktop/java.awt.EventDispatchThread.pumpEventsForHierarchy(EventDispatchThread.java:113)
2026-01-16 18:59:20,226 [ERROR] LogOutputStream:75 - [STDERR_REDIRECT] 	at java.desktop/java.awt.EventDispatchThread.pumpEvents(EventDispatchThread.java:109)
2026-01-16 18:59:20,226 [ERROR] LogOutputStream:75 - [STDERR_REDIRECT] 	at java.desktop/java.awt.EventDispatchThread.pumpEvents(EventDispatchThread.java:101)
2026-01-16 18:59:20,226 [ERROR] LogOutputStream:75 - [STDERR_REDIRECT] 	at java.desktop/java.awt.EventDispatchThread.run(EventDispatchThread.java:90)
2026-01-16 19:01:38,574 [INFO] Activator:176 - 


2026-01-16 19:01:38,575 [INFO] Activator:177 - !SESSION log4j initialized
2026-01-16 19:01:43,824 [INFO] LogOutputStream:77 - [STDOUT_REDIRECT] 
2026-01-16 19:02:06,347 [ERROR] LogOutputStream:75 - [STDERR_REDIRECT] SLF4J: Failed to load class "org.slf4j.impl.StaticLoggerBinder".
2026-01-16 19:02:06,347 [ERROR] LogOutputStream:75 - [STDERR_REDIRECT] SLF4J: Defaulting to no-operation (NOP) logger implementation
2026-01-16 19:02:06,347 [ERROR] LogOutputStream:75 - [STDERR_REDIRECT] SLF4J: See http://www.slf4j.org/codes.html#StaticLoggerBinder for further details.
